unix,date,symbol,open,high,low,close,vwap,Volume ADA,Volume USD,tradecount
1609545600,2021-01-02 00:00:00,ADA/USD,0.175445,0.175668,0.174127,0.174418,0.174648,186033.85015637,32447.65207657374,35
1609459200,2021-01-01 00:00:00,ADA/USD,0.181702,0.184970,0.150000,0.175550,0.176600,37659687.99173384,6611158.226948876,5394
1609372800,2020-12-31 00:00:00,ADA/USD,0.184008,0.186319,0.175500,0.181689,0.179998,35740330.17931042,6493624.84994873,4719
1609286400,2020-12-30 00:00:00,ADA/USD,0.190900,0.193312,0.175347,0.183967,0.182643,44129350.93918970,8118344.304229911,7102
1609200000,2020-12-29 00:00:00,ADA/USD,0.176050,0.196849,0.173145,0.190482,0.185832,100299370.60701301,19105224.711965054,18568
1609113600,2020-12-28 00:00:00,ADA/USD,0.154378,0.180000,0.152594,0.176050,0.169107,50568236.51633220,8902538.038700284,10509
1609027200,2020-12-27 00:00:00,ADA/USD,0.158138,0.165940,0.149040,0.154060,0.157880,34279742.64692854,5281137.152185811,6959
1608940800,2020-12-26 00:00:00,ADA/USD,0.156979,0.162567,0.149002,0.158137,0.155655,33972968.96471440,5372383.393173041,5306
1608854400,2020-12-25 00:00:00,ADA/USD,0.153262,0.166999,0.150278,0.157460,0.157759,33399131.31072289,5259027.216186426,5426
1608768000,2020-12-24 00:00:00,ADA/USD,0.136514,0.154575,0.131520,0.153249,0.143818,26872711.06563117,4118216.098096911,4465
1608681600,2020-12-23 00:00:00,ADA/USD,0.156796,0.158003,0.125675,0.136630,0.143358,41222707.47953420,5632258.522928758,6535
1608595200,2020-12-22 00:00:00,ADA/USD,0.152774,0.174500,0.149000,0.156969,0.156794,33067596.24660527,5190587.515233383,4157
1608508800,2020-12-21 00:00:00,ADA/USD,0.162057,0.166040,0.146452,0.152800,0.153998,22677453.44432229,3465114.886292446,4586
1608422400,2020-12-20 00:00:00,ADA/USD,0.163752,0.169099,0.157200,0.162371,0.163659,17033669.23379562,2765773.9071606286,3855
1608336000,2020-12-19 00:00:00,ADA/USD,0.165200,0.170904,0.163272,0.164523,0.167025,19648860.27645758,3232689.4392636307,2532
1608249600,2020-12-18 00:00:00,ADA/USD,0.163683,0.169448,0.158500,0.165283,0.163718,18299710.11855732,3024630.9875255097,3072
1608163200,2020-12-17 00:00:00,ADA/USD,0.168379,0.176490,0.161000,0.163492,0.168395,46381908.43009653,7583070.973053342,7275
1608076800,2020-12-16 00:00:00,ADA/USD,0.153999,0.168654,0.149402,0.168444,0.159767,33581514.48479558,5656604.625876906,5362
1607990400,2020-12-15 00:00:00,ADA/USD,0.158619,0.160042,0.152613,0.153999,0.156124,21040070.21991279,3240149.7737963498,3896
1607904000,2020-12-14 00:00:00,ADA/USD,0.153988,0.158580,0.149757,0.158580,0.153503,18747230.10651631,2972935.7502913564,3563
1607817600,2020-12-13 00:00:00,ADA/USD,0.144188,0.156820,0.143000,0.153765,0.151576,19662673.46195215,3023430.9848770727,3981
1607731200,2020-12-12 00:00:00,ADA/USD,0.139162,0.147520,0.138707,0.144140,0.145062,17341518.01165667,2499606.4062001924,2876
1607644800,2020-12-11 00:00:00,ADA/USD,0.142090,0.142617,0.134900,0.139200,0.138586,14322160.01084374,1993644.6735094485,2846
1607558400,2020-12-10 00:00:00,ADA/USD,0.148124,0.148598,0.139251,0.141806,0.144150,12237724.35435954,1735382.7397943086,2709
1607472000,2020-12-09 00:00:00,ADA/USD,0.140728,0.150187,0.130001,0.148118,0.140709,30621382.95281702,4535578.000205351,5229
1607385600,2020-12-08 00:00:00,ADA/USD,0.154128,0.154924,0.137700,0.141000,0.145368,20158886.98030873,2842403.0642235307,3859
1607299200,2020-12-07 00:00:00,ADA/USD,0.158762,0.159047,0.151541,0.153981,0.154812,12837038.93985948,1976660.0929985025,2255
1607212800,2020-12-06 00:00:00,ADA/USD,0.160124,0.162739,0.153487,0.158762,0.157512,12070792.28330596,1916383.1244822207,2824
1607126400,2020-12-05 00:00:00,ADA/USD,0.148001,0.161999,0.146050,0.160067,0.155748,12098543.10979321,1936577.4999552697,3149
1607040000,2020-12-04 00:00:00,ADA/USD,0.164211,0.164566,0.146120,0.147778,0.155667,25699714.95538584,3797852.476677009,4449
1606953600,2020-12-03 00:00:00,ADA/USD,0.158709,0.168543,0.155988,0.164211,0.162062,17261410.57461894,2834513.4918687507,4081
1606867200,2020-12-02 00:00:00,ADA/USD,0.155000,0.159764,0.151110,0.158589,0.156114,14294075.15792456,2266883.0852200985,3915
1606780800,2020-12-01 00:00:00,ADA/USD,0.172280,0.174304,0.143445,0.155525,0.160467,41334878.75654416,6428607.01861153,6549
1606694400,2020-11-30 00:00:00,ADA/USD,0.166886,0.174066,0.160292,0.172279,0.168464,35297485.28871404,6081015.468054365,7058
1606608000,2020-11-29 00:00:00,ADA/USD,0.164999,0.171259,0.157445,0.167087,0.164171,15407698.57003539,2574426.1309715034,4535
1606521600,2020-11-28 00:00:00,ADA/USD,0.141776,0.172261,0.139204,0.165275,0.160631,44910464.56262929,7422577.030588556,8016
1606435200,2020-11-27 00:00:00,ADA/USD,0.140367,0.145881,0.131195,0.141822,0.138516,21317733.54098134,3023323.606249056,4053
1606348800,2020-11-26 00:00:00,ADA/USD,0.155102,0.160897,0.123000,0.140736,0.135950,71175938.36764897,10017016.862109447,11629
1606262400,2020-11-25 00:00:00,ADA/USD,0.167272,0.176000,0.147500,0.155216,0.165550,59057406.21896249,9166654.363682482,8263
1606176000,2020-11-24 00:00:00,ADA/USD,0.155156,0.183460,0.134730,0.167378,0.166174,98387669.31276491,16467931.314231966,13409
1606089600,2020-11-23 00:00:00,ADA/USD,0.146133,0.161087,0.141000,0.154502,0.151872,65260342.60798436,10082853.453618798,9642
1606003200,2020-11-22 00:00:00,ADA/USD,0.133514,0.153669,0.120000,0.146129,0.138931,80190620.07071736,11718175.120313859,11798
1605916800,2020-11-21 00:00:00,ADA/USD,0.118342,0.134780,0.116657,0.133790,0.125763,43026787.22157053,5756553.862373921,7141
1605830400,2020-11-20 00:00:00,ADA/USD,0.105950,0.119000,0.105792,0.118538,0.113189,34539820.04941499,4094281.1890175547,4314
1605744000,2020-11-19 00:00:00,ADA/USD,0.106823,0.108100,0.104532,0.105950,0.106397,8772842.81261903,929482.6959969864,1485
1605657600,2020-11-18 00:00:00,ADA/USD,0.109644,0.111680,0.102235,0.106694,0.107229,13740831.76402323,1466064.3042306944,1925
1605571200,2020-11-17 00:00:00,ADA/USD,0.103697,0.112350,0.103697,0.109706,0.108715,19183357.37301810,2104529.403964324,2911
1605484800,2020-11-16 00:00:00,ADA/USD,0.100500,0.105432,0.099550,0.103900,0.103533,14255251.18839915,1481120.5984746716,1671
1605398400,2020-11-15 00:00:00,ADA/USD,0.104100,0.105083,0.098558,0.100516,0.101417,6981862.20720162,701788.861619078,1156
1605312000,2020-11-14 00:00:00,ADA/USD,0.106577,0.107303,0.101700,0.104397,0.103885,9552096.07096228,997210.1735202492,1497
1605225600,2020-11-13 00:00:00,ADA/USD,0.104764,0.107992,0.104382,0.106539,0.106167,6132457.95820290,653345.9384089787,1093
1605139200,2020-11-12 00:00:00,ADA/USD,0.106000,0.106717,0.102807,0.104780,0.105170,9262175.60235446,970490.7596147002,1349
1605052800,2020-11-11 00:00:00,ADA/USD,0.105866,0.109000,0.105740,0.106046,0.107583,14362244.35918717,1523058.5653143628,1602
1604966400,2020-11-10 00:00:00,ADA/USD,0.105477,0.109169,0.103726,0.105919,0.105934,11591739.14960729,1227785.4189872546,1455
1604880000,2020-11-09 00:00:00,ADA/USD,0.106646,0.108007,0.101350,0.105400,0.104470,10731247.04376179,1131073.4384124926,1489
1604793600,2020-11-08 00:00:00,ADA/USD,0.101473,0.108436,0.100109,0.106518,0.105452,12152758.49920942,1294487.529818789,1504
1604707200,2020-11-07 00:00:00,ADA/USD,0.109376,0.113913,0.098900,0.101338,0.106300,29166308.20782518,2955655.341164588,3385
1604620800,2020-11-06 00:00:00,ADA/USD,0.097683,0.110045,0.097381,0.109411,0.105710,29476816.78230339,3225088.000968596,3341
1604534400,2020-11-05 00:00:00,ADA/USD,0.095965,0.098166,0.092317,0.097698,0.096628,13559456.93378459,1324731.8235168867,1514
1604448000,2020-11-04 00:00:00,ADA/USD,0.093589,0.096255,0.091867,0.095597,0.094343,11066366.88087012,1057911.4747105408,1235
1604361600,2020-11-03 00:00:00,ADA/USD,0.092337,0.093898,0.088100,0.093665,0.091756,10811011.96706014,1012613.4358946879,1308
1604275200,2020-11-02 00:00:00,ADA/USD,0.098384,0.100087,0.091634,0.092460,0.095535,8275457.21741749,765148.774322421,1211
1604188800,2020-11-01 00:00:00,ADA/USD,0.093162,0.098686,0.092718,0.098273,0.096005,5776986.90309604,567721.8339279571,691
1604102400,2020-10-31 00:00:00,ADA/USD,0.093273,0.095544,0.092501,0.093183,0.093794,5489310.24491817,511510.39655220986,821
1604016000,2020-10-30 00:00:00,ADA/USD,0.095009,0.095675,0.089562,0.093396,0.092806,9733140.34185382,909036.3753677794,1714
1603929600,2020-10-29 00:00:00,ADA/USD,0.098924,0.100744,0.095000,0.095347,0.097888,7625018.70610010,727022.6585705262,1176
1603843200,2020-10-28 00:00:00,ADA/USD,0.102641,0.103368,0.095104,0.099000,0.099098,11643827.60737851,1152738.9331304727,2630
1603756800,2020-10-27 00:00:00,ADA/USD,0.103120,0.105914,0.101947,0.102641,0.104279,9289097.44810696,953442.2511711464,1509
1603670400,2020-10-26 00:00:00,ADA/USD,0.106439,0.107572,0.099288,0.103145,0.102796,9461889.42328987,975946.5845652338,1582
1603584000,2020-10-25 00:00:00,ADA/USD,0.108029,0.108827,0.106200,0.106595,0.107486,5138812.27414402,547771.6943623818,794
1603497600,2020-10-24 00:00:00,ADA/USD,0.108162,0.109992,0.107433,0.108059,0.108587,4872462.59874004,526513.4359572501,1299
1603411200,2020-10-23 00:00:00,ADA/USD,0.110820,0.111964,0.105257,0.108105,0.108658,8440839.62641219,912496.96781329,1615
1603324800,2020-10-22 00:00:00,ADA/USD,0.111111,0.112857,0.110003,0.110951,0.111515,3503252.92763032,388689.4155735116,437
1603238400,2020-10-21 00:00:00,ADA/USD,0.101900,0.108350,0.101500,0.106149,0.106187,12802841.83597755,1359008.858047181,1603
1603152000,2020-10-20 00:00:00,ADA/USD,0.108565,0.108753,0.100336,0.102457,0.103473,10360307.07551176,1061485.9820357084,1392
1603065600,2020-10-19 00:00:00,ADA/USD,0.107559,0.111000,0.106186,0.108702,0.108699,5139310.68182042,558653.3497352432,1015
1602979200,2020-10-18 00:00:00,ADA/USD,0.105985,0.107566,0.105209,0.107476,0.106590,2011900.74968125,216231.04497274203,449
1602892800,2020-10-17 00:00:00,ADA/USD,0.104207,0.107273,0.103346,0.105921,0.105920,2840723.29612265,300892.2522486072,597
1602806400,2020-10-16 00:00:00,ADA/USD,0.106655,0.107349,0.102400,0.104188,0.104240,6666985.36281311,694619.8709807724,1078
1602720000,2020-10-15 00:00:00,ADA/USD,0.107190,0.107929,0.104740,0.106700,0.106383,6958821.17764725,742506.2196549616,1010
1602633600,2020-10-14 00:00:00,ADA/USD,0.109346,0.112370,0.105305,0.107190,0.108163,7199699.99055187,771735.8419872549,1071
1602547200,2020-10-13 00:00:00,ADA/USD,0.109574,0.114066,0.107712,0.109427,0.110511,11514840.66743169,1260034.4697150474,1666
1602460800,2020-10-12 00:00:00,ADA/USD,0.106465,0.113987,0.102200,0.109512,0.108002,29100563.23039606,3186860.8804871333,2669
1602374400,2020-10-11 00:00:00,ADA/USD,0.105074,0.109033,0.104238,0.106610,0.106704,4673377.27100910,498228.7508622801,853
1602288000,2020-10-10 00:00:00,ADA/USD,0.101678,0.111425,0.101678,0.104967,0.107395,12528288.58965025,1315056.8683898177,1963
1602201600,2020-10-09 00:00:00,ADA/USD,0.096381,0.102593,0.095096,0.101469,0.098657,9318013.06074041,945489.4672602686,1481
1602115200,2020-10-08 00:00:00,ADA/USD,0.093253,0.097000,0.089782,0.096330,0.094254,5328288.80047161,513274.06014943024,928
1602028800,2020-10-07 00:00:00,ADA/USD,0.092482,0.094391,0.089329,0.093708,0.092320,4160837.79050678,389903.7876728093,842
1601942400,2020-10-06 00:00:00,ADA/USD,0.097617,0.098637,0.091360,0.092979,0.093933,9153594.82192603,851092.0929478604,1370
1601856000,2020-10-05 00:00:00,ADA/USD,0.096883,0.099591,0.096058,0.097573,0.097495,6543560.92585547,638474.8702184957,913
1601769600,2020-10-04 00:00:00,ADA/USD,0.093429,0.098113,0.092292,0.096881,0.095450,4592995.00958631,444973.94952373125,771
1601683200,2020-10-03 00:00:00,ADA/USD,0.092936,0.095739,0.092277,0.093332,0.094481,8578292.11864402,800629.1600172836,779
1601596800,2020-10-02 00:00:00,ADA/USD,0.097985,0.100322,0.089734,0.092936,0.094015,17632632.40738542,1638706.3254127714,2254
1601510400,2020-10-01 00:00:00,ADA/USD,0.101470,0.104451,0.094652,0.098138,0.099744,12120774.81824482,1189508.5991129102,1725
1601424000,2020-09-30 00:00:00,ADA/USD,0.101200,0.101650,0.096681,0.101360,0.099036,7101480.45064095,719806.0584769668,1186
1601337600,2020-09-29 00:00:00,ADA/USD,0.097014,0.097014,0.097014,0.097014,0.000000,0.00000000,0.0,0
1601251200,2020-09-28 00:00:00,ADA/USD,0.097014,0.097014,0.097014,0.097014,0.000000,0.00000000,0.0,0
1601164800,2020-09-27 00:00:00,ADA/USD,0.097014,0.097014,0.097014,0.097014,0.000000,0.00000000,0.0,0
1601078400,2020-09-26 00:00:00,ADA/USD,0.097014,0.097014,0.097014,0.097014,0.000000,0.00000000,0.0,0
1600992000,2020-09-25 00:00:00,ADA/USD,0.082757,0.098500,0.082500,0.097014,0.093244,15086924.59648098,1463642.9028030059,2644
1600905600,2020-09-24 00:00:00,ADA/USD,0.076496,0.083778,0.075808,0.082657,0.080000,5901528.20052982,487802.6164711933,955
1600819200,2020-09-23 00:00:00,ADA/USD,0.081546,0.082501,0.075540,0.076527,0.077758,9814909.94279565,751105.6131923227,1232
1600732800,2020-09-22 00:00:00,ADA/USD,0.079854,0.083206,0.078715,0.081547,0.080632,11142121.52553549,908606.5840428426,992
1600646400,2020-09-21 00:00:00,ADA/USD,0.089193,0.090215,0.077460,0.079894,0.081942,13199891.65120350,1054592.1435812525,2230
1600560000,2020-09-20 00:00:00,ADA/USD,0.091000,0.092219,0.087530,0.089416,0.089896,13636275.31737702,1219301.1937785835,1409
1600473600,2020-09-19 00:00:00,ADA/USD,0.090795,0.093134,0.090635,0.091400,0.091984,5078512.30570791,464176.02474170295,556
1600387200,2020-09-18 00:00:00,ADA/USD,0.094001,0.094001,0.090000,0.091098,0.091852,9077296.53691287,826923.5599196886,1034
1600300800,2020-09-17 00:00:00,ADA/USD,0.091432,0.094568,0.091005,0.094186,0.092925,6012367.93547107,566280.8863702782,868
1600214400,2020-09-16 00:00:00,ADA/USD,0.093014,0.093014,0.090000,0.091431,0.090829,8170427.05668537,747030.3162198,1263
1600128000,2020-09-15 00:00:00,ADA/USD,0.096623,0.097633,0.093000,0.093201,0.095865,3964065.54231158,369454.87260898156,766
1600041600,2020-09-14 00:00:00,ADA/USD,0.095050,0.097554,0.093024,0.096678,0.096097,9586129.69545149,926767.8466968592,1334
1599955200,2020-09-13 00:00:00,ADA/USD,0.097643,0.099826,0.092514,0.095081,0.095551,5616528.61621795,534025.1573586189,955
1599868800,2020-09-12 00:00:00,ADA/USD,0.096874,0.098794,0.094671,0.097709,0.096820,8792124.34988549,859069.6781029614,1071
1599782400,2020-09-11 00:00:00,ADA/USD,0.097201,0.097494,0.093241,0.096935,0.095597,5368458.69796376,520391.54388711706,986
1599696000,2020-09-10 00:00:00,ADA/USD,0.093317,0.099900,0.093317,0.097115,0.098214,23859080.50082088,2317074.60283722,2399
1599609600,2020-09-09 00:00:00,ADA/USD,0.091083,0.095794,0.089336,0.093289,0.093495,5181397.54327857,483367.3954149145,1234
1599523200,2020-09-08 00:00:00,ADA/USD,0.093696,0.096814,0.088470,0.091067,0.091667,11041344.26978679,1005502.0986166735,1788
1599436800,2020-09-07 00:00:00,ADA/USD,0.092620,0.094231,0.085920,0.093480,0.089921,22816262.01651371,2132864.1733037014,2321
1599350400,2020-09-06 00:00:00,ADA/USD,0.089106,0.095630,0.085687,0.092620,0.092059,12016930.95642610,1113008.1451841854,1696
1599264000,2020-09-05 00:00:00,ADA/USD,0.101908,0.104048,0.085630,0.089920,0.091761,26712922.62981648,2402026.002873098,3952
1599177600,2020-09-04 00:00:00,ADA/USD,0.095000,0.104175,0.092464,0.101794,0.098431,26925058.77173031,2740809.4326095153,4119
1599091200,2020-09-03 00:00:00,ADA/USD,0.115000,0.116688,0.093100,0.095056,0.103563,27859717.54143868,2648233.310618995,3858
1599004800,2020-09-02 00:00:00,ADA/USD,0.124707,0.126453,0.110890,0.115147,0.115740,19367240.82993086,2230079.679844049,3079
1598918400,2020-09-01 00:00:00,ADA/USD,0.122922,0.128316,0.119300,0.124504,0.124190,12036558.16270958,1498599.6374899936,2381
1598832000,2020-08-31 00:00:00,ADA/USD,0.117770,0.126999,0.113244,0.122566,0.121366,11211011.03529601,1374088.7785520907,2607
1598745600,2020-08-30 00:00:00,ADA/USD,0.116349,0.118881,0.113815,0.117619,0.116699,5023569.69371172,590867.2438046789,1213
1598659200,2020-08-29 00:00:00,ADA/USD,0.109526,0.118188,0.108301,0.116440,0.113049,8728594.09356190,1016357.4962543477,1446
1598572800,2020-08-28 00:00:00,ADA/USD,0.107363,0.111662,0.106082,0.109315,0.109274,8910691.38679975,974072.2289480147,1489
1598486400,2020-08-27 00:00:00,ADA/USD,0.114703,0.115662,0.102330,0.107363,0.108379,27085725.66390065,2908004.7644533655,3156
1598400000,2020-08-26 00:00:00,ADA/USD,0.112492,0.118328,0.110684,0.114312,0.114372,10946588.06428440,1251326.3748044781,1846
1598313600,2020-08-25 00:00:00,ADA/USD,0.123654,0.123735,0.105175,0.112520,0.113226,25605482.79027672,2881128.9235619367,3778
1598227200,2020-08-24 00:00:00,ADA/USD,0.121039,0.127240,0.120100,0.123714,0.124280,7634952.30762459,944550.4897854686,1336
1598140800,2020-08-23 00:00:00,ADA/USD,0.125207,0.126003,0.119460,0.121538,0.122094,6612432.20411052,803661.7852231844,1149
1598054400,2020-08-22 00:00:00,ADA/USD,0.123109,0.126150,0.118321,0.125193,0.122395,9639759.49077670,1206830.4099288075,1575
1597968000,2020-08-21 00:00:00,ADA/USD,0.134256,0.134317,0.121600,0.123109,0.127391,23936383.24368439,2946784.2047467413,3294
1597881600,2020-08-20 00:00:00,ADA/USD,0.129689,0.134671,0.126065,0.134305,0.130736,15472795.34653350,2078073.7790161818,2019
1597795200,2020-08-19 00:00:00,ADA/USD,0.137214,0.138217,0.126100,0.129678,0.131569,17967915.11055607,2330043.29570669,3120
1597708800,2020-08-18 00:00:00,ADA/USD,0.140401,0.143953,0.134140,0.137218,0.137217,18971031.40077376,2603166.986751374,2670
1597622400,2020-08-17 00:00:00,ADA/USD,0.139000,0.144959,0.135818,0.140726,0.141774,17556671.37433620,2470680.1358248363,2438
1597536000,2020-08-16 00:00:00,ADA/USD,0.138494,0.139670,0.135002,0.138938,0.137540,11599684.91432339,1611637.022626263,1414
1597449600,2020-08-15 00:00:00,ADA/USD,0.138852,0.143000,0.136790,0.138408,0.138942,9715152.12551782,1344654.7753886704,1528
1597363200,2020-08-14 00:00:00,ADA/USD,0.139881,0.141628,0.138051,0.138517,0.139413,11660440.72889370,1615169.2684441686,1759
1597276800,2020-08-13 00:00:00,ADA/USD,0.136645,0.142043,0.132000,0.139768,0.137003,52732442.96737778,7370308.088664458,4860
1597190400,2020-08-12 00:00:00,ADA/USD,0.136958,0.138038,0.123484,0.136620,0.132949,22352089.16858479,3053742.422212054,2984
1597104000,2020-08-11 00:00:00,ADA/USD,0.144100,0.144340,0.132000,0.136846,0.137991,21774552.84367091,2979760.458444989,2803
1597017600,2020-08-10 00:00:00,ADA/USD,0.145276,0.146513,0.142028,0.143873,0.144644,7479287.87552597,1076067.5845155478,1376
1596931200,2020-08-09 00:00:00,ADA/USD,0.147000,0.152760,0.142111,0.145336,0.147393,22096776.62512551,3211457.1275892407,2964
1596844800,2020-08-08 00:00:00,ADA/USD,0.138800,0.147828,0.137700,0.146922,0.144022,12502804.91326705,1836937.1034670214,2102
1596758400,2020-08-07 00:00:00,ADA/USD,0.144700,0.147260,0.135000,0.139049,0.141301,17143509.89982675,2383787.90806101,2961
1596672000,2020-08-06 00:00:00,ADA/USD,0.142529,0.145934,0.140347,0.144700,0.143469,9326375.21385942,1349526.4934454581,1883
1596585600,2020-08-05 00:00:00,ADA/USD,0.143763,0.145464,0.141053,0.142424,0.143418,12155875.30254082,1731288.3840890736,2058
1596499200,2020-08-04 00:00:00,ADA/USD,0.141000,0.148799,0.140000,0.143588,0.143957,22713042.51733347,3261320.348978878,5427
1596412800,2020-08-03 00:00:00,ADA/USD,0.134922,0.148871,0.133200,0.140988,0.139139,13058166.54931368,1841044.7854546371,3534
1596326400,2020-08-02 00:00:00,ADA/USD,0.144795,0.148695,0.131000,0.134879,0.138571,30176593.15824689,4070188.7085911823,6706
1596240000,2020-08-01 00:00:00,ADA/USD,0.140017,0.148484,0.139169,0.145155,0.142993,22951804.42442650,3331569.171227629,5001
1596153600,2020-07-31 00:00:00,ADA/USD,0.141000,0.141600,0.136339,0.140104,0.139663,12281156.60332136,1720639.164751736,2197
1596067200,2020-07-30 00:00:00,ADA/USD,0.140004,0.142982,0.137321,0.141560,0.139672,14987262.89970969,2121596.9360829038,2351
1595980800,2020-07-29 00:00:00,ADA/USD,0.149461,0.150253,0.138872,0.140019,0.143967,23016186.48642956,3222703.415643381,4067
1595894400,2020-07-28 00:00:00,ADA/USD,0.139000,0.151999,0.134601,0.149100,0.142837,31698486.01570275,4726244.264941281,4983
1595808000,2020-07-27 00:00:00,ADA/USD,0.148745,0.149890,0.130500,0.139000,0.139700,55845364.76250164,7762505.701987729,7939
1595721600,2020-07-26 00:00:00,ADA/USD,0.143960,0.155415,0.140001,0.148672,0.148726,63139372.43607029,9387056.778815443,8416
1595635200,2020-07-25 00:00:00,ADA/USD,0.122131,0.149000,0.122131,0.143972,0.135447,53975357.51042002,7770940.17149019,7388
1595548800,2020-07-24 00:00:00,ADA/USD,0.124409,0.124505,0.120800,0.122149,0.122708,10926544.54143392,1334666.4891916118,1765
1595462400,2020-07-23 00:00:00,ADA/USD,0.124500,0.127226,0.123834,0.124177,0.125205,15352868.78058563,1906473.1865667817,2279
1595376000,2020-07-22 00:00:00,ADA/USD,0.123417,0.124843,0.120524,0.124500,0.122489,7719739.36657479,961107.5511385613,1595
1595289600,2020-07-21 00:00:00,ADA/USD,0.117694,0.124490,0.116747,0.123316,0.122310,13256980.30039086,1634797.7827229993,2200
1595203200,2020-07-20 00:00:00,ADA/USD,0.124185,0.124499,0.115411,0.117803,0.120624,11164211.15620082,1315177.5668339254,1909
1595116800,2020-07-19 00:00:00,ADA/USD,0.122684,0.124929,0.121264,0.124047,0.122993,7857270.75187062,974670.8649572949,1349
1595030400,2020-07-18 00:00:00,ADA/USD,0.122276,0.124755,0.117531,0.122996,0.120977,16352415.51596498,2011281.6988016285,2238
1594944000,2020-07-17 00:00:00,ADA/USD,0.126134,0.126700,0.121800,0.122566,0.123989,13213317.14611963,1619503.4293312985,2010
1594857600,2020-07-16 00:00:00,ADA/USD,0.130503,0.133044,0.118149,0.125903,0.125745,40519934.05269363,5101581.2570362855,5259
1594771200,2020-07-15 00:00:00,ADA/USD,0.132622,0.132745,0.127232,0.130503,0.130235,20341555.81685157,2654634.0587665807,3185
1594684800,2020-07-14 00:00:00,ADA/USD,0.124145,0.134677,0.120001,0.132186,0.127335,37222168.08311731,4920249.510234945,5074
1594598400,2020-07-13 00:00:00,ADA/USD,0.127066,0.136000,0.121645,0.124305,0.130284,41555645.19632434,5165574.476129097,6277
1594512000,2020-07-12 00:00:00,ADA/USD,0.125232,0.128694,0.120301,0.127061,0.124461,27868694.03459901,3541024.132730185,3552
1594425600,2020-07-11 00:00:00,ADA/USD,0.118298,0.127199,0.117997,0.125360,0.122003,20456776.08767163,2564461.4503505155,3299
1594339200,2020-07-10 00:00:00,ADA/USD,0.124146,0.124344,0.110260,0.118660,0.117089,36935078.20626211,4382716.379955063,4464
1594252800,2020-07-09 00:00:00,ADA/USD,0.129833,0.129992,0.117450,0.124183,0.122178,40985758.21065419,5089734.411873669,5352
1594166400,2020-07-08 00:00:00,ADA/USD,0.117824,0.138627,0.114792,0.130113,0.128458,86579553.51608400,11265125.446638238,10577
1594080000,2020-07-07 00:00:00,ADA/USD,0.105155,0.119165,0.103147,0.117618,0.111215,51419215.25360767,6047825.259698827,5399
1593993600,2020-07-06 00:00:00,ADA/USD,0.098294,0.106560,0.097200,0.105176,0.100705,32366977.59100814,3404229.2351118727,3279
1593907200,2020-07-05 00:00:00,ADA/USD,0.100193,0.100312,0.094414,0.098425,0.096745,20047946.47786462,1973219.132083825,2412
1593820800,2020-07-04 00:00:00,ADA/USD,0.096519,0.100979,0.095970,0.100138,0.098778,16584734.06848670,1660762.1001501211,2256
1593734400,2020-07-03 00:00:00,ADA/USD,0.093000,0.102561,0.092308,0.096600,0.098200,49138177.01484518,4746747.899634045,4789
1593648000,2020-07-02 00:00:00,ADA/USD,0.096978,0.096978,0.087500,0.093000,0.092882,43618417.57984816,4056512.8349258793,5453
1593561600,2020-07-01 00:00:00,ADA/USD,0.083352,0.097000,0.082680,0.097000,0.090759,44675398.38785471,4333513.643621907,5070
1593475200,2020-06-30 00:00:00,ADA/USD,0.083999,0.085001,0.082010,0.083837,0.083899,11259142.47732325,943932.7278713493,1651
1593388800,2020-06-29 00:00:00,ADA/USD,0.080206,0.084260,0.080206,0.083865,0.082473,21106590.56868484,1770104.2180427539,2270
1593302400,2020-06-28 00:00:00,ADA/USD,0.077252,0.081000,0.076266,0.080205,0.078345,8857208.26667883,710392.3890289756,1558
1593216000,2020-06-27 00:00:00,ADA/USD,0.080474,0.080770,0.074130,0.077255,0.077929,8594460.27837803,663965.0288060948,1144
1593129600,2020-06-26 00:00:00,ADA/USD,0.081644,0.081665,0.079204,0.080470,0.080441,6009050.85727028,483548.3224845394,825
1593043200,2020-06-25 00:00:00,ADA/USD,0.082460,0.083425,0.078526,0.081446,0.081320,8341916.14914915,679415.7026836016,1338
1592956800,2020-06-24 00:00:00,ADA/USD,0.082855,0.087000,0.079861,0.082445,0.083388,18575744.22598508,1531477.23271134,2092
1592870400,2020-06-23 00:00:00,ADA/USD,0.083693,0.084500,0.081590,0.082599,0.082831,12825503.49566256,1059373.763238232,1488
1592784000,2020-06-22 00:00:00,ADA/USD,0.078351,0.083850,0.078106,0.083850,0.081686,11454692.18949559,960475.9400892052,1536
1592697600,2020-06-21 00:00:00,ADA/USD,0.079468,0.080752,0.078107,0.078343,0.079634,7483415.91019190,586273.252652164,1148
1592611200,2020-06-20 00:00:00,ADA/USD,0.079761,0.080230,0.077100,0.079401,0.078726,9237056.01259256,733431.4844558618,1014
1592524800,2020-06-19 00:00:00,ADA/USD,0.081792,0.081792,0.078517,0.079831,0.080061,8873654.73125602,708392.7308508992,1263
1592438400,2020-06-18 00:00:00,ADA/USD,0.083319,0.084200,0.080034,0.081991,0.081939,12334354.11801250,1011306.0284899629,1488
1592352000,2020-06-17 00:00:00,ADA/USD,0.079200,0.084597,0.077500,0.083155,0.081300,25944254.21401743,2157394.4591666195,3439
1592265600,2020-06-16 00:00:00,ADA/USD,0.078349,0.080428,0.076653,0.079065,0.078444,9646095.18567155,762668.515855121,1898
1592179200,2020-06-15 00:00:00,ADA/USD,0.076403,0.079900,0.069052,0.078207,0.073501,35611518.42033209,2785070.0210989118,4277
1592092800,2020-06-14 00:00:00,ADA/USD,0.079001,0.079185,0.075630,0.076279,0.077242,4063240.25069299,309939.9030826106,1108
1592006400,2020-06-13 00:00:00,ADA/USD,0.079466,0.079573,0.077220,0.079000,0.078125,3430065.06872344,270975.14042915177,726
1591920000,2020-06-12 00:00:00,ADA/USD,0.075272,0.080502,0.074811,0.079141,0.078419,16468498.49237403,1303333.4391849732,2094
1591833600,2020-06-11 00:00:00,ADA/USD,0.083572,0.085000,0.073485,0.075099,0.077356,43493490.49803646,3266317.64291204,4441
1591747200,2020-06-10 00:00:00,ADA/USD,0.083028,0.083867,0.079426,0.083609,0.081418,18212260.61585590,1522708.8978310958,2352
1591660800,2020-06-09 00:00:00,ADA/USD,0.086579,0.086900,0.083060,0.083060,0.084706,8486670.15322776,704902.8229270977,1223
1591574400,2020-06-08 00:00:00,ADA/USD,0.086579,0.087430,0.084732,0.086475,0.086158,8184077.02633754,707718.0608525387,1305
1591488000,2020-06-07 00:00:00,ADA/USD,0.086165,0.088576,0.082201,0.086606,0.085005,20835633.81896052,1804490.902524895,2315
1591401600,2020-06-06 00:00:00,ADA/USD,0.085222,0.087202,0.084773,0.086166,0.086137,13825300.76011902,1191270.8652964155,1477
1591315200,2020-06-05 00:00:00,ADA/USD,0.088810,0.089500,0.083900,0.085221,0.086424,21520066.76814937,1833961.6100484575,2537
1591228800,2020-06-04 00:00:00,ADA/USD,0.085523,0.090390,0.084002,0.088900,0.087768,28043656.93006131,2493081.1010824507,3560
1591142400,2020-06-03 00:00:00,ADA/USD,0.078803,0.085645,0.077131,0.085333,0.082638,35664465.34082384,3043355.8209285205,3789
1591056000,2020-06-02 00:00:00,ADA/USD,0.080953,0.082409,0.072500,0.078558,0.077900,36089359.35780138,2835107.8924301607,3550
1590969600,2020-06-01 00:00:00,ADA/USD,0.073825,0.083997,0.073642,0.081078,0.079547,31708643.14246800,2570873.3687050208,3547
1590883200,2020-05-31 00:00:00,ADA/USD,0.076940,0.087308,0.072200,0.074002,0.080245,74115636.55426501,5484705.3362887185,6820
1590796800,2020-05-30 00:00:00,ADA/USD,0.064639,0.078879,0.063867,0.077038,0.072554,55551855.07612967,4279603.811354877,5284
1590710400,2020-05-29 00:00:00,ADA/USD,0.064958,0.066998,0.062548,0.064433,0.064737,23357833.42734453,1505015.2812240901,1890
1590624000,2020-05-28 00:00:00,ADA/USD,0.055139,0.068000,0.054971,0.064835,0.062515,33290858.83504466,2158412.8325701207,3123
1590537600,2020-05-27 00:00:00,ADA/USD,0.053593,0.055976,0.053084,0.055055,0.054948,9596367.08909806,528327.9900902937,889
1590451200,2020-05-26 00:00:00,ADA/USD,0.053882,0.054105,0.052000,0.053603,0.052903,6841546.97842282,366727.4426843984,532
1590364800,2020-05-25 00:00:00,ADA/USD,0.051289,0.054331,0.050970,0.053840,0.052691,6151981.76565495,331222.6982628625,672
1590278400,2020-05-24 00:00:00,ADA/USD,0.054955,0.056032,0.051474,0.051478,0.053917,8455390.48974816,435266.59163125575,1036
1590192000,2020-05-23 00:00:00,ADA/USD,0.055908,0.056480,0.054266,0.054901,0.055089,3013099.23699291,165422.16121014775,575
1590105600,2020-05-22 00:00:00,ADA/USD,0.051584,0.056824,0.051293,0.055704,0.054529,11171199.76195233,622280.5115397925,1570
1590019200,2020-05-21 00:00:00,ADA/USD,0.056818,0.057500,0.049512,0.052086,0.053224,16438040.29097434,856191.7665956895,1578
1589932800,2020-05-20 00:00:00,ADA/USD,0.056766,0.057506,0.053590,0.056877,0.055874,9324906.41136923,530372.7019594477,1118
1589846400,2020-05-19 00:00:00,ADA/USD,0.054433,0.057229,0.052600,0.056897,0.055070,7325000.23787853,416770.53853457473,916
1589760000,2020-05-18 00:00:00,ADA/USD,0.051352,0.054980,0.051352,0.054204,0.053910,6232186.59704027,337809.4423059708,873
1589673600,2020-05-17 00:00:00,ADA/USD,0.051029,0.052200,0.051011,0.051267,0.051496,3694072.96792543,189384.03884663302,469
1589587200,2020-05-16 00:00:00,ADA/USD,0.050206,0.051427,0.049952,0.051055,0.050870,1706754.54568360,87138.3533298762,264
1589500800,2020-05-15 00:00:00,ADA/USD,0.051014,0.051951,0.049693,0.050280,0.050747,5426403.33966270,272839.5599182405,705
1589414400,2020-05-14 00:00:00,ADA/USD,0.051882,0.052150,0.050332,0.051111,0.051287,5566346.98572646,284501.5607874651,730
1589328000,2020-05-13 00:00:00,ADA/USD,0.050766,0.052388,0.049931,0.051678,0.051117,17181574.27616988,887909.3954439071,1762
1589241600,2020-05-12 00:00:00,ADA/USD,0.048113,0.051071,0.048113,0.050492,0.049894,11804921.32985817,596054.0877871988,1254
1589155200,2020-05-11 00:00:00,ADA/USD,0.047610,0.049907,0.045000,0.047944,0.047200,15073657.15055420,722691.4184261706,1193
1589068800,2020-05-10 00:00:00,ADA/USD,0.051524,0.051524,0.042731,0.047705,0.047026,31022824.28252053,1479943.8323976418,2621
1588982400,2020-05-09 00:00:00,ADA/USD,0.052080,0.053000,0.051347,0.051513,0.052408,5759700.45539365,296699.4495586931,795
1588896000,2020-05-08 00:00:00,ADA/USD,0.051340,0.053685,0.050964,0.052144,0.052439,8822092.88216176,460019.2112474429,1062
1588809600,2020-05-07 00:00:00,ADA/USD,0.048829,0.051665,0.048568,0.051281,0.050347,7586505.42336270,389043.58461546263,894
1588723200,2020-05-06 00:00:00,ADA/USD,0.049344,0.051160,0.048570,0.049070,0.050048,7480455.40205456,367065.94657881727,696
1588636800,2020-05-05 00:00:00,ADA/USD,0.049638,0.050629,0.048578,0.049542,0.049634,4954753.10366440,245468.37826174172,522
1588550400,2020-05-04 00:00:00,ADA/USD,0.049022,0.050243,0.046289,0.049587,0.048580,20121613.43320030,997770.4453121033,2108
1588464000,2020-05-03 00:00:00,ADA/USD,0.051176,0.051780,0.048000,0.048973,0.049770,7953906.25756907,389526.6511519301,986
1588377600,2020-05-02 00:00:00,ADA/USD,0.050903,0.051500,0.049450,0.050970,0.050606,5417329.68575578,276121.2940829721,692
1588291200,2020-05-01 00:00:00,ADA/USD,0.047609,0.051919,0.047589,0.050994,0.050285,10453332.29784083,533057.2271960953,1163
1588204800,2020-04-30 00:00:00,ADA/USD,0.051575,0.054487,0.047089,0.047481,0.050631,27496833.66100107,1305577.159057992,2487
1588118400,2020-04-29 00:00:00,ADA/USD,0.047000,0.052399,0.046862,0.051550,0.050715,15166812.57825198,781849.1884088896,1615
1588032000,2020-04-28 00:00:00,ADA/USD,0.046617,0.048097,0.046213,0.046957,0.047199,6446906.86727459,302727.4057666129,649
1587945600,2020-04-27 00:00:00,ADA/USD,0.045900,0.047500,0.044235,0.046617,0.045937,7415291.92643714,345678.66373472015,867
1587859200,2020-04-26 00:00:00,ADA/USD,0.042289,0.046196,0.041978,0.045900,0.044634,8827829.43778271,405197.37119422643,986
1587772800,2020-04-25 00:00:00,ADA/USD,0.041610,0.043534,0.041100,0.042170,0.042434,6199257.40316152,261422.6846913213,655
1587686400,2020-04-24 00:00:00,ADA/USD,0.040950,0.043847,0.040950,0.041764,0.042914,10421035.93649747,435224.1448518804,1075
1587600000,2020-04-23 00:00:00,ADA/USD,0.036639,0.042599,0.036516,0.040810,0.039349,12148147.79712997,495765.91160087404,1199
1587513600,2020-04-22 00:00:00,ADA/USD,0.034556,0.036689,0.034482,0.036665,0.035880,3523481.47022978,129188.4481059749,334
1587427200,2020-04-21 00:00:00,ADA/USD,0.034072,0.035040,0.033790,0.034635,0.034223,4945339.15902380,171281.82177278932,428
1587340800,2020-04-20 00:00:00,ADA/USD,0.035500,0.036566,0.033921,0.033990,0.034962,6669706.99927864,226703.340905481,669
1587254400,2020-04-19 00:00:00,ADA/USD,0.036435,0.036733,0.035260,0.035600,0.035972,2044831.15525459,72795.98912706341,363
1587168000,2020-04-18 00:00:00,ADA/USD,0.034522,0.036940,0.034522,0.036565,0.035989,3726567.78622354,136261.95110326374,514
1587081600,2020-04-17 00:00:00,ADA/USD,0.034482,0.034863,0.034180,0.034500,0.034426,1433241.02325108,49446.815302162264,244
1586995200,2020-04-16 00:00:00,ADA/USD,0.031827,0.035000,0.030593,0.034398,0.032465,9527443.15539443,327724.9896592576,804
1586908800,2020-04-15 00:00:00,ADA/USD,0.032941,0.033700,0.031760,0.031800,0.032643,1184206.06032114,37657.75271821226,254
1586822400,2020-04-14 00:00:00,ADA/USD,0.033363,0.033800,0.032660,0.033021,0.033260,2138784.77368965,70624.81201200593,292
1586736000,2020-04-13 00:00:00,ADA/USD,0.033500,0.033557,0.032001,0.033205,0.032745,3964705.28113901,131648.0388602208,423
1586649600,2020-04-12 00:00:00,ADA/USD,0.033777,0.035000,0.033030,0.033500,0.034344,5396869.17712193,180795.11743358467,468
1586563200,2020-04-11 00:00:00,ADA/USD,0.033315,0.034110,0.032799,0.033529,0.033676,3247671.41355489,108891.17482508192,246
1586476800,2020-04-10 00:00:00,ADA/USD,0.036125,0.036199,0.032111,0.033161,0.033908,7746165.45091538,256870.59251780497,844
1586390400,2020-04-09 00:00:00,ADA/USD,0.036453,0.036643,0.035357,0.036170,0.035885,3411555.86542910,123395.97565257056,396
1586304000,2020-04-08 00:00:00,ADA/USD,0.035445,0.036805,0.035383,0.036509,0.036263,4103515.14104744,149815.234284501,507
1586217600,2020-04-07 00:00:00,ADA/USD,0.035936,0.037336,0.034560,0.035191,0.036320,16109099.81322481,566895.3315271942,1107
1586131200,2020-04-06 00:00:00,ADA/USD,0.032188,0.036132,0.032150,0.036084,0.034293,9932202.15327655,358393.582498831,856
1586044800,2020-04-05 00:00:00,ADA/USD,0.032405,0.032634,0.031636,0.032005,0.032040,5225651.07085514,167246.96252271874,374
1585958400,2020-04-04 00:00:00,ADA/USD,0.032261,0.032739,0.031806,0.032592,0.032197,1384015.14850247,45107.821719992506,307
1585872000,2020-04-03 00:00:00,ADA/USD,0.031830,0.032834,0.031672,0.032262,0.032311,5450597.22660168,175847.1677246234,485
1585785600,2020-04-02 00:00:00,ADA/USD,0.031091,0.033541,0.030843,0.031946,0.032291,7538013.22394316,240809.37045208822,635
1585699200,2020-04-01 00:00:00,ADA/USD,0.030500,0.031000,0.029548,0.031000,0.030245,9486264.46188052,294074.1983182961,670
1585612800,2020-03-31 00:00:00,ADA/USD,0.029653,0.030673,0.029542,0.030575,0.030148,2872638.70534302,87830.92841586284,321
1585526400,2020-03-30 00:00:00,ADA/USD,0.028047,0.030463,0.028044,0.029702,0.029310,9943800.87318096,295350.7735352208,825
1585440000,2020-03-29 00:00:00,ADA/USD,0.030046,0.030046,0.028100,0.028166,0.028835,4343505.99106175,122339.18974424525,456
1585353600,2020-03-28 00:00:00,ADA/USD,0.028633,0.029963,0.027850,0.029928,0.028809,8586363.95108455,256972.70032805842,733
1585267200,2020-03-27 00:00:00,ADA/USD,0.030997,0.031510,0.028500,0.028937,0.030119,6371351.76179147,184367.8059309598,627
1585180800,2020-03-26 00:00:00,ADA/USD,0.029635,0.031000,0.029340,0.030917,0.029844,3898161.58498236,120519.46172289962,490
1585094400,2020-03-25 00:00:00,ADA/USD,0.030254,0.030530,0.028847,0.029495,0.029579,10010479.81018125,295259.102001296,691
1585008000,2020-03-24 00:00:00,ADA/USD,0.029432,0.030490,0.029000,0.030254,0.029613,11622895.64926268,351639.0849727931,743
1584921600,2020-03-23 00:00:00,ADA/USD,0.027000,0.030000,0.026666,0.029141,0.028323,11790575.97934432,343589.17461407284,714
1584835200,2020-03-22 00:00:00,ADA/USD,0.029401,0.030528,0.026850,0.027165,0.027808,8839461.09119376,240123.9605422785,585
1584748800,2020-03-21 00:00:00,ADA/USD,0.029206,0.030650,0.027877,0.029427,0.029451,5123030.52694099,150755.4193162925,426
1584662400,2020-03-20 00:00:00,ADA/USD,0.030484,0.034183,0.026729,0.029412,0.031458,17794008.21032620,523357.36948211415,1554
1584576000,2020-03-19 00:00:00,ADA/USD,0.026200,0.032025,0.025840,0.030430,0.029949,21241131.19316249,646367.6222079345,1734
1584489600,2020-03-18 00:00:00,ADA/USD,0.025852,0.026533,0.024427,0.026146,0.025514,7209263.03529120,188493.3913207237,549
1584403200,2020-03-17 00:00:00,ADA/USD,0.024389,0.026678,0.024250,0.026006,0.025915,10294786.86128114,267726.2271144773,893
1584316800,2020-03-16 00:00:00,ADA/USD,0.026576,0.026868,0.021546,0.024215,0.023517,17046594.65205347,412783.2894994748,1679
1584230400,2020-03-15 00:00:00,ADA/USD,0.025649,0.028984,0.022890,0.027022,0.026322,21776581.34058647,588446.7809853276,1475
1584144000,2020-03-14 00:00:00,ADA/USD,0.028554,0.029079,0.025377,0.025698,0.027211,7854873.23098993,201854.53228997922,815
1584057600,2020-03-13 00:00:00,ADA/USD,0.023558,0.029763,0.018540,0.028419,0.024941,61586363.14483710,1750222.8542131255,6080
1583971200,2020-03-12 00:00:00,ADA/USD,0.039823,0.039823,0.022948,0.023319,0.029494,42764703.96797788,997230.1318292762,5844
1583884800,2020-03-11 00:00:00,ADA/USD,0.041416,0.041767,0.037424,0.039746,0.039307,9776320.52471734,388569.6355754154,772
1583798400,2020-03-10 00:00:00,ADA/USD,0.041694,0.043100,0.040281,0.041307,0.041754,4141331.22876207,171065.96906647485,516
1583712000,2020-03-09 00:00:00,ADA/USD,0.043750,0.044012,0.039000,0.041489,0.041390,19512147.97905823,809539.5075031468,1863
1583625600,2020-03-08 00:00:00,ADA/USD,0.048568,0.048568,0.042546,0.042818,0.044939,7813002.32651295,334537.1336166315,1141
1583539200,2020-03-07 00:00:00,ADA/USD,0.051891,0.051891,0.048300,0.048979,0.049310,2795655.04435290,136928.3884173607,361
1583452800,2020-03-06 00:00:00,ADA/USD,0.050960,0.051699,0.050015,0.051540,0.050985,2367955.22260271,122044.41217294369,307
1583366400,2020-03-05 00:00:00,ADA/USD,0.049522,0.052313,0.049450,0.051059,0.050816,6077947.53208175,310333.9230405621,700
1583280000,2020-03-04 00:00:00,ADA/USD,0.048680,0.050355,0.048103,0.048790,0.049188,2817659.72972924,137473.61821348962,609
1583193600,2020-03-03 00:00:00,ADA/USD,0.049138,0.049480,0.047502,0.048680,0.048482,2721297.45342089,132472.76003252892,407
1583107200,2020-03-02 00:00:00,ADA/USD,0.045471,0.049806,0.045471,0.049083,0.048054,8167027.85248591,400862.22808356595,773
1583020800,2020-03-01 00:00:00,ADA/USD,0.047138,0.048332,0.045100,0.045723,0.046839,7446381.82263207,340470.91607620614,661
1582934400,2020-02-29 00:00:00,ADA/USD,0.049403,0.049788,0.047232,0.047284,0.048095,1123289.85272049,53113.63739603564,252
1582848000,2020-02-28 00:00:00,ADA/USD,0.050514,0.051062,0.045794,0.048864,0.047537,6416817.97668353,313551.393612664,831
1582761600,2020-02-27 00:00:00,ADA/USD,0.049056,0.052184,0.046305,0.049404,0.049658,10786434.41349084,532893.0057641015,1208
1582675200,2020-02-26 00:00:00,ADA/USD,0.056039,0.056450,0.046551,0.049195,0.050269,25389780.10380910,1249050.2322068887,2329
1582588800,2020-02-25 00:00:00,ADA/USD,0.059028,0.059028,0.055750,0.056381,0.056917,3643618.34843940,205430.8461033618,808
1582502400,2020-02-24 00:00:00,ADA/USD,0.061439,0.061913,0.057263,0.058642,0.059365,4828201.91622218,283135.41677110107,713
1582416000,2020-02-23 00:00:00,ADA/USD,0.058442,0.062165,0.058241,0.061802,0.061176,4775989.52936707,295165.7048939437,781
1582329600,2020-02-22 00:00:00,ADA/USD,0.058683,0.059041,0.057190,0.058516,0.058191,854602.80876122,50007.93795747155,518
1582243200,2020-02-21 00:00:00,ADA/USD,0.058187,0.060022,0.057698,0.058809,0.059345,2426288.38810678,142687.59381617163,742
1582156800,2020-02-20 00:00:00,ADA/USD,0.057500,0.058891,0.055190,0.058215,0.057169,10787056.09632878,627968.47064778,1655
1582070400,2020-02-19 00:00:00,ADA/USD,0.062902,0.063500,0.057000,0.057500,0.060571,10231128.18850070,588289.8708387903,2155
1581984000,2020-02-18 00:00:00,ADA/USD,0.060287,0.063893,0.057984,0.062902,0.061859,8153299.10987048,512858.820609073,1539
1581897600,2020-02-17 00:00:00,ADA/USD,0.061656,0.062672,0.055690,0.060309,0.058523,6454217.06065678,389247.37671114976,1639
1581811200,2020-02-16 00:00:00,ADA/USD,0.063990,0.067052,0.056091,0.061897,0.062277,15542689.57032408,962045.8563343496,2383
1581724800,2020-02-15 00:00:00,ADA/USD,0.071200,0.071398,0.062468,0.063761,0.066980,13957573.11448693,889948.8193528012,2562
1581638400,2020-02-14 00:00:00,ADA/USD,0.068493,0.071445,0.067060,0.070851,0.069718,6464898.33890450,458044.5122097227,1158
1581552000,2020-02-13 00:00:00,ADA/USD,0.068340,0.072271,0.065000,0.068920,0.069037,14450629.47173944,995937.383192282,2577
1581465600,2020-02-12 00:00:00,ADA/USD,0.063930,0.070410,0.063930,0.068361,0.066129,13208609.09772240,902953.726529401,2176
1581379200,2020-02-11 00:00:00,ADA/USD,0.060293,0.063930,0.058700,0.063813,0.061900,8451557.62165369,539319.2465105868,1196
1581292800,2020-02-10 00:00:00,ADA/USD,0.061952,0.062035,0.058414,0.060408,0.059902,4846406.36620386,292761.7157696428,978
1581206400,2020-02-09 00:00:00,ADA/USD,0.060213,0.062439,0.060012,0.062004,0.061299,6798787.75161535,421552.03575115814,860
1581120000,2020-02-08 00:00:00,ADA/USD,0.059803,0.061333,0.057200,0.060046,0.059863,6323812.77844008,379719.662094213,873
1581033600,2020-02-07 00:00:00,ADA/USD,0.060030,0.062476,0.059402,0.059857,0.060948,4246899.74316837,254206.6779268291,811
1580947200,2020-02-06 00:00:00,ADA/USD,0.059286,0.060740,0.058250,0.059942,0.059677,5819542.80775982,348835.03498273913,1181
1580860800,2020-02-05 00:00:00,ADA/USD,0.055868,0.060107,0.055524,0.059166,0.058931,6892649.23378948,407810.4845663884,1150
1580774400,2020-02-04 00:00:00,ADA/USD,0.057362,0.057688,0.054036,0.055781,0.055810,4841032.53447989,270037.63580582273,969
1580688000,2020-02-03 00:00:00,ADA/USD,0.055650,0.057960,0.055379,0.057025,0.056966,3792118.06502488,216245.53265804378,770
1580601600,2020-02-02 00:00:00,ADA/USD,0.055903,0.058469,0.054807,0.055797,0.057267,4715637.59889261,263118.4311054109,1097
1580515200,2020-02-01 00:00:00,ADA/USD,0.053762,0.057152,0.053200,0.056096,0.055008,2740167.00139612,153712.40811031676,763
1580428800,2020-01-31 00:00:00,ADA/USD,0.056098,0.056507,0.052100,0.053794,0.054236,4631527.59075177,249148.3952169007,919
1580342400,2020-01-30 00:00:00,ADA/USD,0.053120,0.057150,0.052100,0.056100,0.055106,7548157.83896842,423451.65476612834,1446
1580256000,2020-01-29 00:00:00,ADA/USD,0.053209,0.057500,0.052695,0.053121,0.055290,11778487.73849505,625685.0471565956,1791
1580169600,2020-01-28 00:00:00,ADA/USD,0.047816,0.054450,0.047489,0.053010,0.051308,19134884.74812070,1014340.2404978783,2221
1580083200,2020-01-27 00:00:00,ADA/USD,0.044672,0.048800,0.043956,0.047713,0.046650,9811472.13488407,468134.76997172367,1100
1579996800,2020-01-26 00:00:00,ADA/USD,0.042876,0.044555,0.042876,0.044530,0.043463,1039732.11656967,46299.27115084741,196
1579910400,2020-01-25 00:00:00,ADA/USD,0.044882,0.045000,0.042939,0.043141,0.043906,758903.90612571,32739.873414169255,408
1579824000,2020-01-24 00:00:00,ADA/USD,0.043008,0.045135,0.041279,0.044966,0.043302,2670049.19127168,120061.43193472236,644
1579737600,2020-01-23 00:00:00,ADA/USD,0.045456,0.045456,0.042097,0.043330,0.043545,4190620.34474265,181579.57953769903,893
1579651200,2020-01-22 00:00:00,ADA/USD,0.046291,0.046306,0.045352,0.045461,0.045811,2017290.21273573,91708.03036117903,375
1579564800,2020-01-21 00:00:00,ADA/USD,0.043663,0.046800,0.043584,0.046250,0.045717,5238666.58283274,242288.3294560142,856
1579478400,2020-01-20 00:00:00,ADA/USD,0.042100,0.044290,0.041994,0.044136,0.043510,2956104.86434883,130470.64429289997,550
1579392000,2020-01-19 00:00:00,ADA/USD,0.044818,0.045899,0.041325,0.042077,0.043544,3342334.31928556,140635.4011525785,751
1579305600,2020-01-18 00:00:00,ADA/USD,0.044910,0.046000,0.043175,0.044933,0.045144,7382476.99541743,331716.8388350914,977
1579219200,2020-01-17 00:00:00,ADA/USD,0.041383,0.046000,0.041156,0.044911,0.044139,12650297.26908491,568137.5006518724,1621
1579132800,2020-01-16 00:00:00,ADA/USD,0.042860,0.043297,0.040285,0.041389,0.041341,3620020.98867812,149829.0487003987,576
1579046400,2020-01-15 00:00:00,ADA/USD,0.041637,0.043898,0.040100,0.042860,0.041850,14182196.74839768,607848.9526363246,1727
1578960000,2020-01-14 00:00:00,ADA/USD,0.037234,0.042710,0.037197,0.041724,0.040166,9572282.85573373,399393.9298726341,1625
1578873600,2020-01-13 00:00:00,ADA/USD,0.037738,0.037767,0.036677,0.036843,0.036952,1582773.71923813,58314.132137890425,198
1578787200,2020-01-12 00:00:00,ADA/USD,0.036769,0.037790,0.036611,0.037790,0.037225,697984.65845030,26376.840242836835,175
1578700800,2020-01-11 00:00:00,ADA/USD,0.036705,0.037686,0.036427,0.036778,0.037284,1302009.71260177,47885.31321006789,241
1578614400,2020-01-10 00:00:00,ADA/USD,0.036237,0.037026,0.034790,0.036955,0.035700,2301040.58432955,85034.95479389853,532
1578528000,2020-01-09 00:00:00,ADA/USD,0.036288,0.036327,0.035492,0.036198,0.035967,2907286.50722638,105237.95698858051,416
1578441600,2020-01-08 00:00:00,ADA/USD,0.037206,0.038588,0.035783,0.036445,0.037398,7922477.22365827,288734.68241622567,960
1578355200,2020-01-07 00:00:00,ADA/USD,0.037518,0.038179,0.036465,0.037139,0.037370,7155296.59665249,265740.5603030768,1093
1578268800,2020-01-06 00:00:00,ADA/USD,0.034395,0.037400,0.034395,0.037379,0.035733,4660856.64966714,174218.16070790804,674
1578182400,2020-01-05 00:00:00,ADA/USD,0.034301,0.035454,0.034247,0.034487,0.034980,3659303.23963711,126198.390825365,337
1578096000,2020-01-04 00:00:00,ADA/USD,0.033936,0.034370,0.033795,0.034301,0.033953,648986.45211124,22260.884293867643,168
1578009600,2020-01-03 00:00:00,ADA/USD,0.032651,0.034260,0.032400,0.033847,0.033609,3519486.37800217,119124.05543623946,550
1577923200,2020-01-02 00:00:00,ADA/USD,0.033417,0.033417,0.032290,0.032693,0.032946,3479188.14984125,113745.09818275999,492
1577836800,2020-01-01 00:00:00,ADA/USD,0.032652,0.033863,0.032566,0.033411,0.033259,3312332.13693943,110668.32902728331,224
1577750400,2019-12-31 00:00:00,ADA/USD,0.033311,0.033597,0.032370,0.032672,0.032834,7644054.29205475,249746.54183001278,717
1577664000,2019-12-30 00:00:00,ADA/USD,0.034140,0.034190,0.033142,0.033341,0.033471,1765958.01668371,58878.806234251584,422
1577577600,2019-12-29 00:00:00,ADA/USD,0.033557,0.034489,0.033237,0.034274,0.033736,2577447.53512969,88339.43681903499,382
1577491200,2019-12-28 00:00:00,ADA/USD,0.032898,0.034067,0.032898,0.033649,0.033823,1838520.16539170,61864.36504526532,204
1577404800,2019-12-27 00:00:00,ADA/USD,0.034200,0.034229,0.031666,0.032897,0.032749,9009344.21164138,296380.3965303665,836
1577318400,2019-12-26 00:00:00,ADA/USD,0.033387,0.034851,0.033259,0.034075,0.034132,1808425.09457657,61622.085097696625,407
1577232000,2019-12-25 00:00:00,ADA/USD,0.033910,0.033910,0.032824,0.033337,0.033246,785366.81731603,26181.773588864493,260
1577145600,2019-12-24 00:00:00,ADA/USD,0.033075,0.034470,0.032804,0.033951,0.033771,1440868.59600701,48918.929703033995,457
1577059200,2019-12-23 00:00:00,ADA/USD,0.034587,0.034640,0.032914,0.032914,0.033696,3392187.18666140,111650.44906177331,647
1576972800,2019-12-22 00:00:00,ADA/USD,0.033172,0.034462,0.033130,0.034462,0.033807,981032.85390759,33808.35421136337,298
1576886400,2019-12-21 00:00:00,ADA/USD,0.033803,0.033805,0.032950,0.033124,0.033213,2382368.90661723,78913.58766278913,262
1576800000,2019-12-20 00:00:00,ADA/USD,0.033009,0.033807,0.032622,0.033798,0.033263,580384.42114076,19615.832665715407,207
1576713600,2019-12-19 00:00:00,ADA/USD,0.034424,0.034700,0.032964,0.032976,0.033709,1642048.23509883,54148.18260061902,319
1576627200,2019-12-18 00:00:00,ADA/USD,0.031548,0.034701,0.030427,0.034281,0.032446,5545105.38999658,190091.75787447274,762
1576540800,2019-12-17 00:00:00,ADA/USD,0.033965,0.034032,0.031291,0.031550,0.032639,4126886.37983075,130203.26528366018,683
1576454400,2019-12-16 00:00:00,ADA/USD,0.036323,0.036366,0.033259,0.034155,0.034330,4387417.89632174,149852.258248869,765
1576368000,2019-12-15 00:00:00,ADA/USD,0.036118,0.036619,0.035820,0.036474,0.036020,819157.26526471,29877.942093265032,140
1576281600,2019-12-14 00:00:00,ADA/USD,0.037183,0.037362,0.035760,0.036148,0.036611,3093283.39263630,111816.00807701697,379
1576195200,2019-12-13 00:00:00,ADA/USD,0.036568,0.037339,0.036458,0.037113,0.036896,2451315.12193913,90975.65812052693,353
1576108800,2019-12-12 00:00:00,ADA/USD,0.036691,0.036989,0.035971,0.036528,0.036421,3635476.65439640,132796.6912317917,392
1576022400,2019-12-11 00:00:00,ADA/USD,0.036423,0.037019,0.036122,0.036691,0.036467,1892984.85444323,69455.50729437656,238
1575936000,2019-12-10 00:00:00,ADA/USD,0.037218,0.037400,0.036133,0.036451,0.036843,1894033.27043147,69039.4067404975,288
1575849600,2019-12-09 00:00:00,ADA/USD,0.038730,0.038874,0.037010,0.037331,0.038382,3644150.22230495,136039.7719488661,380
1575763200,2019-12-08 00:00:00,ADA/USD,0.038430,0.038910,0.038053,0.038677,0.038600,1996907.26788025,77234.38239980444,233
1575676800,2019-12-07 00:00:00,ADA/USD,0.038431,0.039224,0.038120,0.038535,0.038678,1408466.37855647,54275.25189767357,270
1575590400,2019-12-06 00:00:00,ADA/USD,0.037589,0.038431,0.037160,0.038318,0.037749,738273.15443758,28289.15073173919,207
1575504000,2019-12-05 00:00:00,ADA/USD,0.037160,0.038088,0.036766,0.037729,0.037616,1776136.03783347,67011.83657141899,230
1575417600,2019-12-04 00:00:00,ADA/USD,0.037745,0.038746,0.036288,0.037239,0.037340,4673277.05408005,174028.164216887,585
1575331200,2019-12-03 00:00:00,ADA/USD,0.037933,0.038653,0.037471,0.037807,0.038241,3294646.18992896,124560.68850264419,324
1575244800,2019-12-02 00:00:00,ADA/USD,0.039566,0.039566,0.037495,0.038010,0.038075,1912072.56003379,72677.87800688436,363
1575158400,2019-12-01 00:00:00,ADA/USD,0.040289,0.040289,0.038313,0.039632,0.039347,1215233.00076540,48162.114286334334,312
1575072000,2019-11-30 00:00:00,ADA/USD,0.041211,0.042059,0.039750,0.040458,0.040662,3671933.01673488,148559.0659910598,495
1574985600,2019-11-29 00:00:00,ADA/USD,0.039193,0.041947,0.039193,0.041256,0.040998,6978898.23256165,287921.42548256344,803
1574899200,2019-11-28 00:00:00,ADA/USD,0.039064,0.039816,0.038401,0.039195,0.038839,2687632.88380899,105341.77088089337,407
1574812800,2019-11-27 00:00:00,ADA/USD,0.036783,0.039975,0.035218,0.039045,0.039017,10514011.21963464,410519.5680706345,1082
1574726400,2019-11-26 00:00:00,ADA/USD,0.035948,0.036947,0.035498,0.036679,0.036144,2107516.19822509,77301.58663469808,278
1574640000,2019-11-25 00:00:00,ADA/USD,0.034789,0.037163,0.033020,0.035900,0.034536,7453299.62894540,267573.45667913987,857
1574553600,2019-11-24 00:00:00,ADA/USD,0.038156,0.038738,0.034980,0.035114,0.036315,1635516.20784541,57429.51612228373,407
1574467200,2019-11-23 00:00:00,ADA/USD,0.037059,0.038379,0.036529,0.037810,0.037352,1065859.03663638,40300.13017522153,287
1574380800,2019-11-22 00:00:00,ADA/USD,0.038205,0.038632,0.034251,0.036936,0.036391,11976892.55320740,442378.5033452685,1640
1574294400,2019-11-21 00:00:00,ADA/USD,0.040706,0.041093,0.037143,0.038273,0.039020,4310864.95142509,164989.73428589248,760
1574208000,2019-11-20 00:00:00,ADA/USD,0.042111,0.042296,0.040365,0.040901,0.041363,2147835.26676253,87848.61024585424,463
1574121600,2019-11-19 00:00:00,ADA/USD,0.043108,0.043290,0.041037,0.042200,0.042021,2401928.74104617,101361.39287214837,487
1574035200,2019-11-18 00:00:00,ADA/USD,0.044959,0.046124,0.042523,0.043178,0.044314,3811127.40567747,164556.8591223418,665
1573948800,2019-11-17 00:00:00,ADA/USD,0.043912,0.045752,0.043100,0.045007,0.044590,2735250.29429627,123105.40999539221,395
1573862400,2019-11-16 00:00:00,ADA/USD,0.044248,0.044438,0.043257,0.043946,0.044010,3212862.49941571,141192.4553993228,355
1573776000,2019-11-15 00:00:00,ADA/USD,0.042555,0.044423,0.041937,0.043971,0.043139,5164348.19926187,227081.55466974372,661
1573689600,2019-11-14 00:00:00,ADA/USD,0.043223,0.043235,0.041873,0.042866,0.042622,1667426.46032270,71475.90264819286,227
1573603200,2019-11-13 00:00:00,ADA/USD,0.043674,0.043718,0.040000,0.043040,0.042952,4410944.02967370,189847.03103715606,378
1573516800,2019-11-12 00:00:00,ADA/USD,0.043125,0.044480,0.042901,0.043571,0.043632,2055157.21529409,89545.2550275788,283
1573430400,2019-11-11 00:00:00,ADA/USD,0.043982,0.043982,0.042345,0.043100,0.043208,932904.89979846,40208.20118131363,226
1573344000,2019-11-10 00:00:00,ADA/USD,0.042430,0.044546,0.042395,0.043933,0.043912,14839657.03618748,651950.6525708245,1222
1573257600,2019-11-09 00:00:00,ADA/USD,0.042486,0.042870,0.042089,0.042270,0.042376,581726.43258903,24589.5763055383,116
1573171200,2019-11-08 00:00:00,ADA/USD,0.043361,0.043716,0.041100,0.042086,0.042121,3243788.98545980,136518.10324206113,396
1573084800,2019-11-07 00:00:00,ADA/USD,0.044657,0.044657,0.042518,0.043381,0.043468,1644908.64908005,71357.78210574166,348
1572998400,2019-11-06 00:00:00,ADA/USD,0.044227,0.046026,0.043681,0.044930,0.044708,1697430.93590888,76265.57195038597,356
1572912000,2019-11-05 00:00:00,ADA/USD,0.043397,0.044925,0.043227,0.044360,0.044202,2576056.47847326,114273.8653850738,415
1572825600,2019-11-04 00:00:00,ADA/USD,0.041504,0.043929,0.041469,0.043170,0.042795,736160.47914628,31780.047884744905,212
1572739200,2019-11-03 00:00:00,ADA/USD,0.042615,0.042635,0.041410,0.041844,0.041935,442470.63130494,18514.74109632391,137
1572652800,2019-11-02 00:00:00,ADA/USD,0.042219,0.042661,0.041912,0.042507,0.042476,1730177.50785293,73544.6553263045,178
1572566400,2019-11-01 00:00:00,ADA/USD,0.041096,0.042544,0.041096,0.042219,0.041895,2544620.76948843,107431.34426703204,297
1572480000,2019-10-31 00:00:00,ADA/USD,0.041735,0.042309,0.040247,0.041380,0.041224,2328749.98938509,96363.67456075501,481
1572393600,2019-10-30 00:00:00,ADA/USD,0.043569,0.044524,0.041120,0.041704,0.042163,2741036.15410959,114312.17177098634,442
1572307200,2019-10-29 00:00:00,ADA/USD,0.042616,0.043799,0.042260,0.043248,0.042870,1129574.98365746,48851.85889321783,327
1572220800,2019-10-28 00:00:00,ADA/USD,0.042799,0.044800,0.042000,0.042309,0.043463,4085358.17657224,172847.4190925949,720
1572134400,2019-10-27 00:00:00,ADA/USD,0.040616,0.043364,0.039737,0.042219,0.041855,4027826.09898003,170050.79007283787,612
1572048000,2019-10-26 00:00:00,ADA/USD,0.041165,0.043539,0.039261,0.040832,0.041512,8512832.64800196,347595.982683216,1650
1571961600,2019-10-25 00:00:00,ADA/USD,0.037500,0.041937,0.037336,0.041165,0.040115,6355133.17144049,261609.05700234775,1050
1571875200,2019-10-24 00:00:00,ADA/USD,0.036389,0.037953,0.035970,0.037423,0.037322,3846044.96497150,143930.54072412843,476
1571788800,2019-10-23 00:00:00,ADA/USD,0.038609,0.038908,0.035270,0.036382,0.037627,6522288.76976513,237293.91002159496,832
1571702400,2019-10-22 00:00:00,ADA/USD,0.039262,0.039950,0.038633,0.038760,0.039528,2221613.16013792,86109.7260869458,317
1571616000,2019-10-21 00:00:00,ADA/USD,0.039500,0.039561,0.038523,0.039275,0.039032,589135.12580926,23138.28206615868,154
1571529600,2019-10-20 00:00:00,ADA/USD,0.038851,0.039594,0.038243,0.039594,0.038649,1539608.58506388,60959.26231701926,217
1571443200,2019-10-19 00:00:00,ADA/USD,0.037804,0.039527,0.037699,0.039027,0.038361,5320810.23167351,207655.26091152205,354
1571356800,2019-10-18 00:00:00,ADA/USD,0.039167,0.039477,0.037405,0.038049,0.038248,3103998.81813379,118104.05103117258,475
1571270400,2019-10-17 00:00:00,ADA/USD,0.038370,0.039477,0.037925,0.039226,0.038857,2809189.38377261,110193.2627678644,413
1571184000,2019-10-16 00:00:00,ADA/USD,0.039623,0.039738,0.037667,0.038593,0.038330,2684137.63429240,103588.9237202466,470
1571097600,2019-10-15 00:00:00,ADA/USD,0.041911,0.041911,0.039091,0.039661,0.040392,3699558.41185062,146728.18617240744,682
1571011200,2019-10-14 00:00:00,ADA/USD,0.040966,0.041948,0.040966,0.041522,0.041466,2411698.03285165,100138.52572006622,395
1570924800,2019-10-13 00:00:00,ADA/USD,0.040477,0.041716,0.040392,0.041126,0.040943,1286786.11799203,52920.365888540226,278
1570838400,2019-10-12 00:00:00,ADA/USD,0.040071,0.040884,0.040071,0.040477,0.040427,1446913.37540630,58566.7126963208,354
1570752000,2019-10-11 00:00:00,ADA/USD,0.041779,0.042500,0.040094,0.040094,0.040991,1985064.19496863,79589.16383307225,439
1570665600,2019-10-10 00:00:00,ADA/USD,0.042479,0.042479,0.040758,0.041654,0.041393,2816850.41765718,117333.08729709218,422
1570579200,2019-10-09 00:00:00,ADA/USD,0.041234,0.043563,0.040760,0.042741,0.042333,3421007.94776040,146217.30069522726,660
1570492800,2019-10-08 00:00:00,ADA/USD,0.041628,0.042225,0.040381,0.041350,0.041080,3418392.48432649,141350.52922690037,482
1570406400,2019-10-07 00:00:00,ADA/USD,0.038660,0.041990,0.038256,0.041681,0.040678,6298432.04010758,262524.94586372405,884
1570320000,2019-10-06 00:00:00,ADA/USD,0.039721,0.040100,0.037964,0.038879,0.039292,2118912.30413090,82381.19147230526,362
1570233600,2019-10-05 00:00:00,ADA/USD,0.039337,0.039740,0.038863,0.039546,0.039403,1472014.62141996,58212.290218673734,245
1570147200,2019-10-04 00:00:00,ADA/USD,0.038114,0.040268,0.037521,0.039527,0.039479,2210116.94578234,87359.29251593856,366
1570060800,2019-10-03 00:00:00,ADA/USD,0.039540,0.039622,0.037654,0.038273,0.038524,2905059.90746449,111185.35783838842,809
1569974400,2019-10-02 00:00:00,ADA/USD,0.038510,0.039551,0.037695,0.039471,0.038716,1371675.72988995,54141.41273448621,355
1569888000,2019-10-01 00:00:00,ADA/USD,0.038754,0.039907,0.038300,0.038302,0.039020,1850030.38338008,70859.86374422384,352
1569801600,2019-09-30 00:00:00,ADA/USD,0.037204,0.039429,0.036000,0.038933,0.038230,3795303.66590948,147762.5576248538,627
1569715200,2019-09-29 00:00:00,ADA/USD,0.038723,0.038753,0.036194,0.037458,0.037317,2431003.80234137,91060.54042810304,398
1569628800,2019-09-28 00:00:00,ADA/USD,0.039418,0.039610,0.038016,0.038700,0.038853,3035357.87352601,117468.3497054566,493
1569542400,2019-09-27 00:00:00,ADA/USD,0.038354,0.039780,0.036900,0.039310,0.037932,3155067.69167809,124025.71095986571,476
1569456000,2019-09-26 00:00:00,ADA/USD,0.039172,0.040058,0.035000,0.037857,0.037582,9944128.38635895,376454.8683223908,1238
1569369600,2019-09-25 00:00:00,ADA/USD,0.037586,0.040584,0.035860,0.038967,0.037965,8628576.95562066,336229.75822967023,1236
1569283200,2019-09-24 00:00:00,ADA/USD,0.046190,0.046540,0.035990,0.037537,0.040981,17601820.99197338,660719.5545757049,3114
1569196800,2019-09-23 00:00:00,ADA/USD,0.048812,0.049292,0.045960,0.046158,0.047927,5522184.92432553,254893.01173701783,858
1569110400,2019-09-22 00:00:00,ADA/USD,0.051818,0.051818,0.047700,0.048976,0.049155,5493209.44972100,269035.4260095357,747
1569024000,2019-09-21 00:00:00,ADA/USD,0.052506,0.053357,0.051000,0.051818,0.052004,2979124.90711133,154372.2944366949,315
1568937600,2019-09-20 00:00:00,ADA/USD,0.052446,0.052506,0.050320,0.052506,0.051309,3129867.15521300,164336.80485161376,313
1568851200,2019-09-19 00:00:00,ADA/USD,0.053072,0.054666,0.049583,0.052335,0.051704,11682862.62086133,611422.6152627777,1414
1568764800,2019-09-18 00:00:00,ADA/USD,0.048868,0.055537,0.048868,0.052953,0.053089,12034230.38139717,637248.6013861243,1416
1568678400,2019-09-17 00:00:00,ADA/USD,0.047087,0.050898,0.047060,0.048939,0.048852,8016465.82330524,392317.8209267352,891
1568592000,2019-09-16 00:00:00,ADA/USD,0.046700,0.047625,0.045749,0.047156,0.046614,4503492.19360115,212366.67788145583,453
1568505600,2019-09-15 00:00:00,ADA/USD,0.046628,0.047299,0.046184,0.046578,0.046602,308542.99699390,14371.315713981874,181
1568419200,2019-09-14 00:00:00,ADA/USD,0.045939,0.047136,0.044922,0.046566,0.046231,2511307.41033675,116941.54086974112,407
1568332800,2019-09-13 00:00:00,ADA/USD,0.045462,0.045991,0.044907,0.045981,0.045386,2629685.62327424,120915.57464377284,363
1568246400,2019-09-12 00:00:00,ADA/USD,0.045080,0.046315,0.044407,0.045471,0.045074,2378969.35667987,108174.11561759036,419
1568160000,2019-09-11 00:00:00,ADA/USD,0.046615,0.046930,0.044496,0.044720,0.045466,2876226.53161548,128624.85049384426,502
1568073600,2019-09-10 00:00:00,ADA/USD,0.046868,0.048120,0.045660,0.046531,0.046702,4208977.28129535,195847.92187595394,494
1567987200,2019-09-09 00:00:00,ADA/USD,0.046615,0.047182,0.045384,0.046880,0.046428,2740826.76304543,128489.95865156976,435
1567900800,2019-09-08 00:00:00,ADA/USD,0.046101,0.047720,0.046027,0.046643,0.046893,3318127.79366870,154767.43468008915,451
1567814400,2019-09-07 00:00:00,ADA/USD,0.044336,0.046560,0.043732,0.046060,0.045198,2666892.57610320,122837.07205531339,455
1567728000,2019-09-06 00:00:00,ADA/USD,0.044614,0.044735,0.043510,0.044406,0.044293,4376657.38605057,194349.8478849616,522
1567641600,2019-09-05 00:00:00,ADA/USD,0.045457,0.045459,0.043979,0.044323,0.044549,2605059.89634479,115464.06978569012,471
1567555200,2019-09-04 00:00:00,ADA/USD,0.046479,0.046576,0.045180,0.045371,0.045664,2455802.68332621,111422.22354519347,444
1567468800,2019-09-03 00:00:00,ADA/USD,0.045460,0.047578,0.044709,0.046908,0.046084,3323510.95347764,155899.25180572915,664
1567382400,2019-09-02 00:00:00,ADA/USD,0.044457,0.046248,0.043426,0.045469,0.044459,2169667.05388975,98652.59127331305,430
1567296000,2019-09-01 00:00:00,ADA/USD,0.044800,0.045400,0.043491,0.044550,0.044815,2592303.79422877,115487.1340328917,384
1567209600,2019-08-31 00:00:00,ADA/USD,0.044708,0.045442,0.043744,0.044879,0.044811,2109922.96402410,94691.23270243758,344
1567123200,2019-08-30 00:00:00,ADA/USD,0.044617,0.045785,0.044021,0.044719,0.044926,1262378.10556225,56452.28650263826,341
1567036800,2019-08-29 00:00:00,ADA/USD,0.045880,0.045880,0.043279,0.044680,0.044097,7881661.11560965,352152.6186454391,1051
1566950400,2019-08-28 00:00:00,ADA/USD,0.049804,0.050160,0.045040,0.045880,0.047197,4913798.41496352,225445.0712785263,823
1566864000,2019-08-27 00:00:00,ADA/USD,0.049508,0.049816,0.048002,0.049798,0.048911,1417901.51253234,70608.65952108547,331
1566777600,2019-08-26 00:00:00,ADA/USD,0.049504,0.051018,0.048760,0.049663,0.050066,3287033.25986344,163243.932784598,500
1566691200,2019-08-25 00:00:00,ADA/USD,0.050226,0.052676,0.048507,0.049420,0.050471,3756333.62352359,185638.00767453582,799
1566604800,2019-08-24 00:00:00,ADA/USD,0.049829,0.051426,0.048158,0.050102,0.049387,4111424.54553834,205990.59258056193,688
1566518400,2019-08-23 00:00:00,ADA/USD,0.049299,0.050229,0.049000,0.049900,0.049715,2814308.01341054,140433.96986918594,459
1566432000,2019-08-22 00:00:00,ADA/USD,0.047262,0.051436,0.046537,0.049299,0.048838,3611685.89279057,178052.5028286823,770
1566345600,2019-08-21 00:00:00,ADA/USD,0.049170,0.060483,0.045920,0.047186,0.047127,3976945.27634599,187656.1398096619,1084
1566259200,2019-08-20 00:00:00,ADA/USD,0.050110,0.050253,0.048680,0.049190,0.049377,2052931.92757603,100983.7215174649,815
1566172800,2019-08-19 00:00:00,ADA/USD,0.050558,0.050757,0.049552,0.050144,0.050285,1894814.13088949,95013.55977932259,638
1566086400,2019-08-18 00:00:00,ADA/USD,0.047467,0.051155,0.046931,0.050574,0.049470,2738724.50146628,138508.25293715563,896
1566000000,2019-08-17 00:00:00,ADA/USD,0.046807,0.047996,0.046293,0.047345,0.046952,3013499.29046840,142674.1239072264,705
1565913600,2019-08-16 00:00:00,ADA/USD,0.047333,0.047506,0.044552,0.046711,0.045784,5413416.58559936,252866.1021299317,1138
1565827200,2019-08-15 00:00:00,ADA/USD,0.047073,0.048165,0.044480,0.047422,0.046337,7252847.27985330,343944.5237052032,1304
1565740800,2019-08-14 00:00:00,ADA/USD,0.052576,0.053449,0.046569,0.047036,0.050271,6951739.85130938,326982.035646188,1382
1565654400,2019-08-13 00:00:00,ADA/USD,0.053000,0.053013,0.049822,0.052577,0.051412,4125474.95012645,216905.09645279835,926
1565568000,2019-08-12 00:00:00,ADA/USD,0.054765,0.054765,0.052580,0.053000,0.053459,2735787.82808990,144996.7548887647,625
1565481600,2019-08-11 00:00:00,ADA/USD,0.051976,0.055950,0.051600,0.054842,0.053853,5252533.90166725,288059.46423523535,1249
1565395200,2019-08-10 00:00:00,ADA/USD,0.047591,0.053890,0.047591,0.051830,0.051616,8142753.61502427,422038.9198667079,1474
1565308800,2019-08-09 00:00:00,ADA/USD,0.052091,0.052143,0.047318,0.047600,0.048845,4743059.47619841,225769.6310670443,786
1565222400,2019-08-08 00:00:00,ADA/USD,0.052076,0.053101,0.050500,0.052091,0.051810,3780043.79957966,196906.26156390406,689
1565136000,2019-08-07 00:00:00,ADA/USD,0.053320,0.054072,0.051390,0.052031,0.052268,3219407.14046109,167508.97292533098,742
1565049600,2019-08-06 00:00:00,ADA/USD,0.056300,0.056363,0.052740,0.053462,0.054578,5752086.67773923,307518.05796529475,935
1564963200,2019-08-05 00:00:00,ADA/USD,0.056644,0.058180,0.056200,0.056418,0.057028,2444607.33974082,137919.8568934976,821
1564876800,2019-08-04 00:00:00,ADA/USD,0.057746,0.058180,0.056150,0.056348,0.056752,1531086.99800982,86273.69016385735,446
1564790400,2019-08-03 00:00:00,ADA/USD,0.057398,0.058320,0.056972,0.057640,0.057617,1906882.20194455,109912.69012008386,340
1564704000,2019-08-02 00:00:00,ADA/USD,0.058807,0.058874,0.056010,0.057556,0.057675,3718033.56797288,213995.14003824707,618
1564617600,2019-08-01 00:00:00,ADA/USD,0.060128,0.060243,0.057911,0.058720,0.058652,1805971.55469158,106046.64969148957,379
1564531200,2019-07-31 00:00:00,ADA/USD,0.060158,0.061065,0.059182,0.060128,0.059581,5928404.47341301,356463.1041773775,666
1564444800,2019-07-30 00:00:00,ADA/USD,0.060319,0.061940,0.058717,0.059986,0.060261,2731021.33382244,163823.04573067286,635
1564358400,2019-07-29 00:00:00,ADA/USD,0.059332,0.062279,0.057760,0.060293,0.060481,2988781.58709323,180202.6082306121,728
1564272000,2019-07-28 00:00:00,ADA/USD,0.059843,0.059843,0.056565,0.059350,0.058272,2662566.62062085,158023.32893384746,555
1564185600,2019-07-27 00:00:00,ADA/USD,0.062563,0.063805,0.057083,0.059780,0.059836,6639182.07728832,396890.3045802958,1166
1564099200,2019-07-26 00:00:00,ADA/USD,0.058471,0.062900,0.056763,0.062900,0.060745,5620973.21450214,353559.2151921846,787
1564012800,2019-07-25 00:00:00,ADA/USD,0.058965,0.060655,0.058233,0.058702,0.059622,2929616.45188677,171974.34495865717,754
1563926400,2019-07-24 00:00:00,ADA/USD,0.055371,0.058963,0.053744,0.058730,0.056486,4525471.31285425,265780.93020393007,909
1563840000,2019-07-23 00:00:00,ADA/USD,0.059296,0.059316,0.055061,0.055618,0.056547,4880649.43311124,271451.96017078095,709
1563753600,2019-07-22 00:00:00,ADA/USD,0.061424,0.062201,0.058052,0.059380,0.059789,3941482.00155289,234045.20125221062,622
1563667200,2019-07-21 00:00:00,ADA/USD,0.062747,0.063999,0.059381,0.061185,0.061387,3801418.12108170,232589.76773838385,712
1563580800,2019-07-20 00:00:00,ADA/USD,0.060300,0.065218,0.059517,0.062769,0.062359,6148582.15315178,385940.35317118414,1231
1563494400,2019-07-19 00:00:00,ADA/USD,0.058538,0.060742,0.055840,0.059908,0.058146,3778987.49463100,226391.58282835394,750
1563408000,2019-07-18 00:00:00,ADA/USD,0.055123,0.059859,0.053300,0.058694,0.057058,6367835.00858656,373753.70799397957,1265
1563321600,2019-07-17 00:00:00,ADA/USD,0.052888,0.057880,0.049880,0.055107,0.053716,10932104.09363606,602435.4602880024,1316
1563235200,2019-07-16 00:00:00,ADA/USD,0.059543,0.060743,0.050000,0.051754,0.054941,9685177.95608721,501246.69993933744,1606
1563148800,2019-07-15 00:00:00,ADA/USD,0.061563,0.061564,0.055516,0.059247,0.058444,8472143.33308585,501949.0760553374,1248
1563062400,2019-07-14 00:00:00,ADA/USD,0.066994,0.067228,0.059958,0.062183,0.062600,6300207.44188239,391765.79935857264,966
1562976000,2019-07-13 00:00:00,ADA/USD,0.069746,0.071199,0.063421,0.066640,0.066690,4852433.04341215,323366.1380129857,966
1562889600,2019-07-12 00:00:00,ADA/USD,0.065011,0.070700,0.063377,0.069532,0.068404,5280590.73392349,367170.0349111681,961
1562803200,2019-07-11 00:00:00,ADA/USD,0.071400,0.071618,0.062600,0.064872,0.065115,15341358.30937291,995224.5962456394,1953
1562716800,2019-07-10 00:00:00,ADA/USD,0.077917,0.078400,0.069313,0.071533,0.072494,15815788.42896258,1131350.7936889804,2054
1562630400,2019-07-09 00:00:00,ADA/USD,0.080500,0.080900,0.077080,0.078143,0.078989,10257742.62760902,801570.7821492517,1095
1562544000,2019-07-08 00:00:00,ADA/USD,0.080182,0.082424,0.079211,0.080242,0.080656,8618033.15200144,691528.2161828995,999
1562457600,2019-07-07 00:00:00,ADA/USD,0.077234,0.080589,0.076736,0.080156,0.079046,4183639.50099373,335343.80784165347,525
1562371200,2019-07-06 00:00:00,ADA/USD,0.076615,0.080834,0.076584,0.077260,0.077881,2558093.36339845,197638.29325616424,519
1562284800,2019-07-05 00:00:00,ADA/USD,0.077176,0.077950,0.075542,0.076500,0.076858,4559630.64798546,348811.7445708877,609
1562198400,2019-07-04 00:00:00,ADA/USD,0.082585,0.082802,0.077260,0.077477,0.079683,6090360.22288901,471862.83898877184,992
1562112000,2019-07-03 00:00:00,ADA/USD,0.081134,0.083500,0.079695,0.082733,0.081795,7941399.35246742,657015.792627687,1152
1562025600,2019-07-02 00:00:00,ADA/USD,0.083800,0.083800,0.076223,0.080532,0.079293,13807262.50788236,1111926.4642847823,1301
1561939200,2019-07-01 00:00:00,ADA/USD,0.081446,0.085400,0.079500,0.083110,0.082200,8070317.02342881,670724.0478171684,1079
1561852800,2019-06-30 00:00:00,ADA/USD,0.089795,0.090401,0.080999,0.082022,0.085991,11259327.48742492,923512.5591735668,1505
1561766400,2019-06-29 00:00:00,ADA/USD,0.088336,0.090344,0.083500,0.089530,0.086606,10905080.51603044,976331.8586002053,1435
1561680000,2019-06-28 00:00:00,ADA/USD,0.084908,0.089436,0.083322,0.088550,0.086235,16672162.60520184,1476319.998690623,1791
1561593600,2019-06-27 00:00:00,ADA/USD,0.096747,0.098274,0.082370,0.084912,0.086972,31781917.43271176,2698666.1730464213,4269
1561507200,2019-06-26 00:00:00,ADA/USD,0.095992,0.106490,0.088000,0.096416,0.099629,32990663.29001389,3180827.7917699795,4897
1561420800,2019-06-25 00:00:00,ADA/USD,0.097551,0.098276,0.093336,0.095960,0.095511,9705137.00685699,931304.9471779967,1328
1561334400,2019-06-24 00:00:00,ADA/USD,0.095900,0.098752,0.093443,0.097800,0.096174,7107310.54148258,695094.9709569963,1139
1561248000,2019-06-23 00:00:00,ADA/USD,0.093934,0.102430,0.090000,0.096167,0.097530,16244810.21838179,1562214.6642711216,2850
1561161600,2019-06-22 00:00:00,ADA/USD,0.089622,0.097370,0.089190,0.093867,0.093183,19614486.22806431,1841152.9787697126,2787
1561075200,2019-06-21 00:00:00,ADA/USD,0.087724,0.091000,0.087511,0.089762,0.089570,6363688.53431411,571217.4102171031,1073
1560988800,2019-06-20 00:00:00,ADA/USD,0.089755,0.090300,0.085352,0.087526,0.087903,7112276.78171395,622509.1375962953,1033
1560902400,2019-06-19 00:00:00,ADA/USD,0.088941,0.091456,0.088506,0.089740,0.089852,2742161.96298310,246081.6145581034,462
1560816000,2019-06-18 00:00:00,ADA/USD,0.093506,0.093609,0.087950,0.088700,0.089975,8044287.44807891,713528.2966445993,1050
1560729600,2019-06-17 00:00:00,ADA/USD,0.092295,0.093900,0.091591,0.093448,0.092918,6914324.39478798,646129.7860441472,906
1560643200,2019-06-16 00:00:00,ADA/USD,0.091452,0.094416,0.090263,0.092117,0.092177,10888393.30645147,1003006.1262103901,1496
1560556800,2019-06-15 00:00:00,ADA/USD,0.090824,0.092880,0.090232,0.091441,0.091378,5456375.52012618,498936.43393585796,711
1560470400,2019-06-14 00:00:00,ADA/USD,0.089861,0.090816,0.085468,0.090591,0.087812,11535906.26253448,1045049.2842292612,1224
1560384000,2019-06-13 00:00:00,ADA/USD,0.096007,0.097000,0.088210,0.089300,0.092783,8883997.85875699,793341.0087869992,1217
1560297600,2019-06-12 00:00:00,ADA/USD,0.087660,0.096727,0.086014,0.096481,0.092120,14324095.19601659,1382003.0286068765,1816
1560211200,2019-06-11 00:00:00,ADA/USD,0.085900,0.089490,0.082410,0.088085,0.085572,6218349.82214464,547743.3440836106,1064
1560124800,2019-06-10 00:00:00,ADA/USD,0.078740,0.085649,0.077944,0.085481,0.082925,5143045.98231269,439632.713614071,859
1560038400,2019-06-09 00:00:00,ADA/USD,0.084119,0.084119,0.077281,0.079137,0.079650,8201249.83762240,649022.3083999238,843
1559952000,2019-06-08 00:00:00,ADA/USD,0.085954,0.086127,0.081717,0.083839,0.083572,1864301.14467033,156301.14366801578,384
1559865600,2019-06-07 00:00:00,ADA/USD,0.083420,0.087255,0.082195,0.085436,0.084831,6273017.57019090,535941.5291268297,858
1559779200,2019-06-06 00:00:00,ADA/USD,0.082668,0.084000,0.078167,0.083005,0.081188,3829408.70174636,317860.0692884566,744
1559692800,2019-06-05 00:00:00,ADA/USD,0.082400,0.084368,0.079502,0.082756,0.082875,7611296.26153513,629880.4334196012,939
1559606400,2019-06-04 00:00:00,ADA/USD,0.087589,0.087829,0.078911,0.082288,0.083079,22612069.11419328,1860701.9432687366,2909
1559520000,2019-06-03 00:00:00,ADA/USD,0.096794,0.097999,0.087101,0.087513,0.092819,12378605.99080703,1083288.9460734956,1968
1559433600,2019-06-02 00:00:00,ADA/USD,0.091685,0.097698,0.091336,0.096500,0.093776,6951305.76853896,670801.0066640096,619
1559347200,2019-06-01 00:00:00,ADA/USD,0.088501,0.092351,0.085451,0.090389,0.089380,3209606.40073690,290113.11295620765,484
1559260800,2019-05-31 00:00:00,ADA/USD,0.083689,0.089917,0.081230,0.089094,0.085658,6432178.18634644,573068.4833343497,694
1559174400,2019-05-30 00:00:00,ADA/USD,0.090637,0.098650,0.079589,0.083934,0.091265,14798790.38824414,1242121.6724468837,1492
1559088000,2019-05-29 00:00:00,ADA/USD,0.092480,0.093962,0.085490,0.091022,0.090671,5595876.11581285,509347.8358135173,679
1559001600,2019-05-28 00:00:00,ADA/USD,0.090932,0.093000,0.085000,0.093000,0.089163,6464558.74062290,601203.9628779298,700
1558915200,2019-05-27 00:00:00,ADA/USD,0.086816,0.093460,0.085221,0.090684,0.089211,3976880.19238740,360639.403366459,754
1558828800,2019-05-26 00:00:00,ADA/USD,0.080492,0.088360,0.078500,0.086162,0.085322,5173417.81579897,445752.02584487083,620
1558742400,2019-05-25 00:00:00,ADA/USD,0.080546,0.082512,0.079530,0.080427,0.080439,1681139.54357845,135209.010071384,257
1558656000,2019-05-24 00:00:00,ADA/USD,0.080860,0.084232,0.078671,0.080775,0.082744,4330193.40210392,349771.3720549441,439
1558569600,2019-05-23 00:00:00,ADA/USD,0.077526,0.080885,0.074000,0.080885,0.077938,2855248.34983110,230946.76277608852,533
1558483200,2019-05-22 00:00:00,ADA/USD,0.084704,0.085999,0.076931,0.077260,0.081550,3679987.58763712,284315.8410208439,570
1558396800,2019-05-21 00:00:00,ADA/USD,0.085142,0.086940,0.082501,0.084652,0.084817,3427931.29035035,290181.23959073785,498
1558310400,2019-05-20 00:00:00,ADA/USD,0.086292,0.087491,0.079270,0.085107,0.083211,3819762.26396362,325088.50699915184,780
1558224000,2019-05-19 00:00:00,ADA/USD,0.078841,0.088200,0.078841,0.086767,0.085501,4924523.33127470,427286.1158847119,716
1558137600,2019-05-18 00:00:00,ADA/USD,0.083550,0.084920,0.078471,0.078778,0.082046,3437067.46822290,270765.3010116636,404
1558051200,2019-05-17 00:00:00,ADA/USD,0.089470,0.090048,0.073130,0.083500,0.079888,15288562.81532445,1276594.9950795916,1690
1557964800,2019-05-16 00:00:00,ADA/USD,0.095271,0.100699,0.082970,0.087906,0.091072,12492417.35224662,1098158.4397665914,1781
1557878400,2019-05-15 00:00:00,ADA/USD,0.084998,0.095700,0.083365,0.094398,0.088523,9873126.00703882,932003.3488124505,1332
1557792000,2019-05-14 00:00:00,ADA/USD,0.073592,0.085000,0.073592,0.084995,0.079255,8652181.91483117,735392.2018510754,1417
1557705600,2019-05-13 00:00:00,ADA/USD,0.069881,0.077178,0.069720,0.072594,0.074368,5649862.47266646,410146.116340749,720
1557619200,2019-05-12 00:00:00,ADA/USD,0.075449,0.077280,0.068242,0.070487,0.072042,7383563.14328000,520445.21528037736,1132
1557532800,2019-05-11 00:00:00,ADA/USD,0.063034,0.079335,0.063034,0.075305,0.072312,10713382.31502044,806771.2552326142,1301
1557446400,2019-05-10 00:00:00,ADA/USD,0.061669,0.065030,0.059141,0.062343,0.062648,2356459.79979370,146908.77329853867,372
1557360000,2019-05-09 00:00:00,ADA/USD,0.064103,0.064781,0.060000,0.061843,0.061676,2737117.37692015,169271.54994087285,366
1557273600,2019-05-08 00:00:00,ADA/USD,0.062656,0.064500,0.062000,0.063678,0.063081,1850948.45440685,117864.6956797194,236
1557187200,2019-05-07 00:00:00,ADA/USD,0.067049,0.068169,0.062901,0.063101,0.066006,1390362.49012007,87733.26348906655,298
1557100800,2019-05-06 00:00:00,ADA/USD,0.065252,0.068150,0.063004,0.066337,0.065485,1119619.41509743,74272.19313931822,282
1557014400,2019-05-05 00:00:00,ADA/USD,0.066529,0.067266,0.064820,0.065495,0.066010,1847434.77221820,120997.740406431,196
1556928000,2019-05-04 00:00:00,ADA/USD,0.069696,0.070949,0.065267,0.066269,0.067913,3273155.50733369,216908.74231549626,391
1556841600,2019-05-03 00:00:00,ADA/USD,0.066920,0.074000,0.066500,0.068826,0.069897,6130526.45821041,421939.6140127896,695
1556755200,2019-05-02 00:00:00,ADA/USD,0.067656,0.068472,0.066981,0.067352,0.068028,2227685.88342522,150039.0996204554,182
1556668800,2019-05-01 00:00:00,ADA/USD,0.069323,0.070230,0.066194,0.068087,0.067598,1484081.84014455,101046.68024992196,300
1556582400,2019-04-30 00:00:00,ADA/USD,0.063960,0.069638,0.063700,0.069401,0.066325,1583602.09918641,109903.56928563604,433
1556496000,2019-04-29 00:00:00,ADA/USD,0.066877,0.067537,0.063000,0.063689,0.065373,1709737.12461390,108891.44772953467,328
1556409600,2019-04-28 00:00:00,ADA/USD,0.068923,0.069432,0.066065,0.066911,0.067628,508081.13170605,33996.21660358351,253
1556323200,2019-04-27 00:00:00,ADA/USD,0.067887,0.070600,0.066858,0.069607,0.068991,1452994.94370657,101138.61904658322,373
1556236800,2019-04-26 00:00:00,ADA/USD,0.068027,0.069180,0.065180,0.066680,0.067118,3262082.83268268,217515.6832832811,456
1556150400,2019-04-25 00:00:00,ADA/USD,0.072554,0.075900,0.066930,0.068402,0.071769,2976601.53566067,203605.49824226118,624
1556064000,2019-04-24 00:00:00,ADA/USD,0.074052,0.075573,0.068179,0.071680,0.071859,5765203.31731205,413249.7737849277,649
1555977600,2019-04-23 00:00:00,ADA/USD,0.078592,0.079999,0.073947,0.074170,0.077480,2480307.92463555,183964.43877021875,625
1555891200,2019-04-22 00:00:00,ADA/USD,0.073631,0.079851,0.072108,0.077970,0.077315,3949041.83565730,307906.7919261997,524
1555804800,2019-04-21 00:00:00,ADA/USD,0.076296,0.077666,0.071368,0.073955,0.073595,2330257.29833585,172334.1784984278,449
1555718400,2019-04-20 00:00:00,ADA/USD,0.079280,0.079280,0.075000,0.076222,0.076912,3142428.33662549,239522.17267426808,422
1555632000,2019-04-19 00:00:00,ADA/USD,0.081612,0.081612,0.077650,0.079248,0.079147,4831554.78243180,382891.05339815526,491
1555545600,2019-04-18 00:00:00,ADA/USD,0.082939,0.083899,0.081132,0.081892,0.082818,1270087.93095165,104010.04084149253,256
1555459200,2019-04-17 00:00:00,ADA/USD,0.083990,0.084614,0.081920,0.083093,0.082831,2483132.08403457,206330.89425868454,300
1555372800,2019-04-16 00:00:00,ADA/USD,0.081898,0.083820,0.080005,0.083274,0.081818,3249766.30262936,270621.03908515733,439
1555286400,2019-04-15 00:00:00,ADA/USD,0.084984,0.085452,0.080348,0.082066,0.082936,2722412.53317811,223417.50694779478,443
1555200000,2019-04-14 00:00:00,ADA/USD,0.082354,0.084995,0.081298,0.084400,0.082927,769184.54567638,64919.17565508648,162
1555113600,2019-04-13 00:00:00,ADA/USD,0.083196,0.084911,0.082570,0.082921,0.083613,1522830.62899931,126274.63858725179,155
1555027200,2019-04-12 00:00:00,ADA/USD,0.083277,0.085257,0.080001,0.083091,0.082556,2272075.99454513,188789.0664627494,330
1554940800,2019-04-11 00:00:00,ADA/USD,0.090036,0.090250,0.076800,0.082766,0.082600,4744213.75558928,392659.5956951024,674
1554854400,2019-04-10 00:00:00,ADA/USD,0.084533,0.092572,0.084533,0.089759,0.089931,5031565.63237538,451628.2995963818,550
1554768000,2019-04-09 00:00:00,ADA/USD,0.086780,0.086795,0.080901,0.083719,0.083713,2029426.57098990,169901.56309670344,343
1554681600,2019-04-08 00:00:00,ADA/USD,0.089803,0.091900,0.083500,0.087070,0.087617,3752803.16336837,326756.5714344839,523
1554595200,2019-04-07 00:00:00,ADA/USD,0.089979,0.091304,0.088300,0.089761,0.089708,2312585.76600038,207580.01094196006,288
1554508800,2019-04-06 00:00:00,ADA/USD,0.090339,0.093907,0.088020,0.089500,0.090597,1741942.64479168,155903.86670885535,306
1554422400,2019-04-05 00:00:00,ADA/USD,0.088095,0.092212,0.087391,0.090950,0.090665,2550727.82865340,231988.69601602672,382
1554336000,2019-04-04 00:00:00,ADA/USD,0.090606,0.094783,0.081000,0.087276,0.086443,7471059.74443472,652044.2102552847,930
1554249600,2019-04-03 00:00:00,ADA/USD,0.086695,0.101840,0.052500,0.090900,0.089537,17467413.32036497,1587787.8708211756,2113
1554163200,2019-04-02 00:00:00,ADA/USD,0.071953,0.086110,0.070480,0.085839,0.079677,12124477.42155777,1040753.0173890974,1182
1554076800,2019-04-01 00:00:00,ADA/USD,0.069363,0.072442,0.068480,0.072348,0.070272,3307147.04425423,239265.474357705,347
1553990400,2019-03-31 00:00:00,ADA/USD,0.071288,0.071696,0.069114,0.069574,0.069962,1036184.58324764,72091.50619487131,186
1553904000,2019-03-30 00:00:00,ADA/USD,0.071275,0.072518,0.068500,0.071569,0.070700,5973286.96734116,427502.1749656395,555
1553817600,2019-03-29 00:00:00,ADA/USD,0.065480,0.072689,0.065400,0.071342,0.069421,5907844.30522582,421477.42842342047,764
1553731200,2019-03-28 00:00:00,ADA/USD,0.066496,0.066656,0.063520,0.065188,0.065195,3510120.41541664,228817.72964017992,436
1553644800,2019-03-27 00:00:00,ADA/USD,0.060822,0.067500,0.060701,0.066811,0.065018,5481306.65141082,366211.57868740824,808
1553558400,2019-03-26 00:00:00,ADA/USD,0.058341,0.061532,0.058334,0.061488,0.060133,2994406.88773404,184120.09071299067,463
1553472000,2019-03-25 00:00:00,ADA/USD,0.060800,0.060843,0.056006,0.058535,0.058325,7337457.65545360,429498.08386197645,717
1553385600,2019-03-24 00:00:00,ADA/USD,0.063137,0.071000,0.058813,0.061300,0.061575,9265356.80402276,567966.3720865952,735
1553299200,2019-03-23 00:00:00,ADA/USD,0.057561,0.064093,0.056652,0.063400,0.060628,5640648.89693377,357617.140065601,804
1553212800,2019-03-22 00:00:00,ADA/USD,0.052416,0.058506,0.052216,0.057744,0.056387,6332611.78708985,365670.3350337163,885
1553126400,2019-03-21 00:00:00,ADA/USD,0.053271,0.054400,0.049900,0.052357,0.052132,4246397.22926697,222328.61973273076,555
1553040000,2019-03-20 00:00:00,ADA/USD,0.051935,0.053499,0.050957,0.053300,0.052766,2160940.45982636,115178.12650874499,304
1552953600,2019-03-19 00:00:00,ADA/USD,0.049713,0.053245,0.049062,0.051887,0.051184,2723628.13747787,141320.89316931425,353
1552867200,2019-03-18 00:00:00,ADA/USD,0.049658,0.050661,0.048871,0.049780,0.049663,2234944.18870648,111255.52171380857,269
1552780800,2019-03-17 00:00:00,ADA/USD,0.051020,0.051249,0.049314,0.049675,0.050251,2427727.18264865,120597.34779807167,221
1552694400,2019-03-16 00:00:00,ADA/USD,0.049699,0.051410,0.049015,0.051222,0.050530,2529959.83811129,129589.60282773648,276
1552608000,2019-03-15 00:00:00,ADA/USD,0.047566,0.050280,0.047306,0.049579,0.049137,3455993.08914614,171344.68136677647,472
1552521600,2019-03-14 00:00:00,ADA/USD,0.046152,0.047873,0.045835,0.047543,0.047090,1206218.76848706,57347.258910180295,175
1552435200,2019-03-13 00:00:00,ADA/USD,0.046925,0.048080,0.045800,0.046288,0.046499,1251749.14026517,57940.964204594195,204
1552348800,2019-03-12 00:00:00,ADA/USD,0.047294,0.047900,0.044753,0.047166,0.046814,2439159.10445703,115045.37832082028,307
1552262400,2019-03-11 00:00:00,ADA/USD,0.045560,0.048309,0.044576,0.047624,0.046824,1502032.42128069,71532.79203107159,285
1552176000,2019-03-10 00:00:00,ADA/USD,0.046100,0.046100,0.044072,0.045205,0.044920,2494100.00074846,112745.79053383415,228
1552089600,2019-03-09 00:00:00,ADA/USD,0.042333,0.046614,0.042333,0.046500,0.044808,2147460.55484487,99856.91580028647,301
1552003200,2019-03-08 00:00:00,ADA/USD,0.042497,0.043334,0.041881,0.042277,0.042773,943114.12908361,39872.03603526778,184
1551916800,2019-03-07 00:00:00,ADA/USD,0.042989,0.043289,0.042162,0.042545,0.042764,635595.01564006,27041.38994040635,126
1551830400,2019-03-06 00:00:00,ADA/USD,0.042468,0.042729,0.042053,0.042400,0.042489,604352.47365188,25624.544882839713,123
1551744000,2019-03-05 00:00:00,ADA/USD,0.040126,0.043064,0.039803,0.042606,0.041902,1431951.62746062,61009.73103958717,183
1551657600,2019-03-04 00:00:00,ADA/USD,0.041840,0.041990,0.039258,0.040210,0.040136,1112017.74231923,44714.233418656244,167
1551571200,2019-03-03 00:00:00,ADA/USD,0.042498,0.042535,0.041564,0.041913,0.042113,320278.90380054,13423.849694992034,57
1551484800,2019-03-02 00:00:00,ADA/USD,0.043185,0.043185,0.042048,0.042345,0.042256,891461.19454837,37748.92428315073,97
1551398400,2019-03-01 00:00:00,ADA/USD,0.042789,0.043928,0.042532,0.042762,0.043129,2493962.91734933,106646.84227169206,198
1551312000,2019-02-28 00:00:00,ADA/USD,0.042651,0.043762,0.042534,0.042765,0.042972,448290.32097685,19171.13557657499,79
1551225600,2019-02-27 00:00:00,ADA/USD,0.042596,0.043189,0.041188,0.042814,0.042224,672074.59663608,28774.201780377127,136
1551139200,2019-02-26 00:00:00,ADA/USD,0.043476,0.043494,0.042100,0.042658,0.042784,749056.31122949,31953.244124427583,102
1551052800,2019-02-25 00:00:00,ADA/USD,0.041796,0.044399,0.041796,0.043416,0.043342,912438.09098276,39614.41215810751,240
1550966400,2019-02-24 00:00:00,ADA/USD,0.048848,0.050574,0.041282,0.041595,0.045775,9860395.44239432,410143.14842639177,673
1550880000,2019-02-23 00:00:00,ADA/USD,0.045690,0.048970,0.045289,0.048336,0.046856,2608885.00189604,126103.06545164698,279
1550793600,2019-02-22 00:00:00,ADA/USD,0.044842,0.045777,0.044174,0.045625,0.045416,1781179.27360305,81266.30435813915,148
1550707200,2019-02-21 00:00:00,ADA/USD,0.047278,0.047439,0.044100,0.044461,0.045510,1789285.20168764,79553.40935223417,192
1550620800,2019-02-20 00:00:00,ADA/USD,0.045906,0.047402,0.044500,0.047300,0.046264,842521.44671280,39851.26442951544,160
1550534400,2019-02-19 00:00:00,ADA/USD,0.045191,0.048172,0.045111,0.045773,0.046639,3242018.51200450,148396.91334998197,367
1550448000,2019-02-18 00:00:00,ADA/USD,0.041273,0.048500,0.041180,0.045390,0.043858,5679310.81102040,257783.91771221597,654
1550361600,2019-02-17 00:00:00,ADA/USD,0.040695,0.041845,0.040073,0.041158,0.040743,1106103.18482635,45524.994881082916,152
1550275200,2019-02-16 00:00:00,ADA/USD,0.040159,0.041003,0.040159,0.040800,0.040825,980691.68367333,40012.22069387187,115
1550188800,2019-02-15 00:00:00,ADA/USD,0.040116,0.040778,0.039818,0.040139,0.040264,372363.12623782,14946.283524059858,123
1550102400,2019-02-14 00:00:00,ADA/USD,0.040968,0.041030,0.039509,0.040183,0.039973,166942.20888091,6708.238779461608,73
1550016000,2019-02-13 00:00:00,ADA/USD,0.041362,0.041809,0.040599,0.040599,0.041004,410578.04274418,16669.057957370966,105
1549929600,2019-02-12 00:00:00,ADA/USD,0.040501,0.041439,0.040100,0.041386,0.040858,1587689.05131901,65708.09907788855,179
1549843200,2019-02-11 00:00:00,ADA/USD,0.041500,0.041825,0.040847,0.041397,0.041136,1890021.37223497,78241.21474641106,151
1549756800,2019-02-10 00:00:00,ADA/USD,0.040883,0.042868,0.039797,0.042600,0.041135,4494454.90965152,191463.77915115474,237
1549670400,2019-02-09 00:00:00,ADA/USD,0.040400,0.041975,0.039994,0.040884,0.040583,2221531.86465873,90825.10875470751,218
1549584000,2019-02-08 00:00:00,ADA/USD,0.036028,0.041813,0.035871,0.040493,0.040299,1326168.18487472,53700.52831013204,222
1549497600,2019-02-07 00:00:00,ADA/USD,0.036296,0.036900,0.036108,0.036164,0.036286,156770.75398186,5669.457546999985,66
1549411200,2019-02-06 00:00:00,ADA/USD,0.037399,0.037460,0.035779,0.036301,0.036466,1458483.42255593,52944.40672220282,148
1549324800,2019-02-05 00:00:00,ADA/USD,0.037691,0.037837,0.037030,0.037641,0.037299,742743.60755317,27957.61213190887,140
1549238400,2019-02-04 00:00:00,ADA/USD,0.037484,0.037937,0.037468,0.037627,0.037760,184912.74208737,6957.711746521471,69
1549152000,2019-02-03 00:00:00,ADA/USD,0.039000,0.039000,0.037486,0.037755,0.037655,254826.19991097,9620.963177638672,32
1549065600,2019-02-02 00:00:00,ADA/USD,0.038218,0.038973,0.037901,0.038971,0.038159,549942.23603011,21431.798880329417,77
1548979200,2019-02-01 00:00:00,ADA/USD,0.038070,0.038598,0.036817,0.038434,0.037994,1030717.95830056,39614.614009323726,137
1548892800,2019-01-31 00:00:00,ADA/USD,0.039688,0.040219,0.037669,0.038247,0.038810,467691.80203949,17887.808352604377,93
1548806400,2019-01-30 00:00:00,ADA/USD,0.037695,0.039655,0.037388,0.039651,0.038853,896104.48498296,35531.43893405935,188
1548720000,2019-01-29 00:00:00,ADA/USD,0.038190,0.038999,0.036567,0.038094,0.037961,1112160.11936478,42366.62758708193,167
1548633600,2019-01-28 00:00:00,ADA/USD,0.040658,0.040787,0.036535,0.038447,0.038636,1650952.64662168,63474.17640466373,292
1548547200,2019-01-27 00:00:00,ADA/USD,0.042186,0.042323,0.040334,0.040745,0.041140,563052.33421790,22941.567357708336,160
1548460800,2019-01-26 00:00:00,ADA/USD,0.042433,0.043810,0.042218,0.042561,0.043040,891648.54627845,37949.45377815711,125
1548374400,2019-01-25 00:00:00,ADA/USD,0.042947,0.043135,0.042190,0.042346,0.042555,311413.62541365,13187.121381766423,110
1548288000,2019-01-24 00:00:00,ADA/USD,0.042525,0.043374,0.042350,0.042948,0.042737,181197.66672606,7782.077390550825,59
1548201600,2019-01-23 00:00:00,ADA/USD,0.043456,0.044249,0.042343,0.042888,0.043549,1330050.12256496,57043.189656566006,194
1548115200,2019-01-22 00:00:00,ADA/USD,0.042819,0.043832,0.041357,0.043448,0.042909,1280303.37292929,55626.62094703179,228
1548028800,2019-01-21 00:00:00,ADA/USD,0.042962,0.045800,0.042029,0.042604,0.042854,3193834.98099824,136070.14553044902,380
1547942400,2019-01-20 00:00:00,ADA/USD,0.045429,0.046083,0.041510,0.042999,0.044054,3194276.44283508,137350.69276546562,316
1547856000,2019-01-19 00:00:00,ADA/USD,0.043824,0.046266,0.043493,0.045328,0.044868,999112.63946672,45287.77772174749,181
1547769600,2019-01-18 00:00:00,ADA/USD,0.045085,0.045089,0.043727,0.043824,0.044188,966617.94514896,42361.06482820802,146
1547683200,2019-01-17 00:00:00,ADA/USD,0.044878,0.045898,0.043400,0.045062,0.045026,2473311.67517127,111452.37070656776,352
1547596800,2019-01-16 00:00:00,ADA/USD,0.042252,0.044800,0.042252,0.044268,0.043713,1659911.60020624,73480.96671792984,245
1547510400,2019-01-15 00:00:00,ADA/USD,0.043978,0.044086,0.041146,0.042224,0.042714,1647263.55591963,69554.05638515046,285
1547424000,2019-01-14 00:00:00,ADA/USD,0.039900,0.044487,0.039701,0.043866,0.042062,3489526.02593813,153071.54865380202,307
1547337600,2019-01-13 00:00:00,ADA/USD,0.043321,0.043393,0.039199,0.039582,0.040821,2133710.78306220,84456.540215168,224
1547251200,2019-01-12 00:00:00,ADA/USD,0.043694,0.044036,0.042400,0.042902,0.043222,2242837.96353643,96222.23431163993,206
1547164800,2019-01-11 00:00:00,ADA/USD,0.043799,0.045001,0.042103,0.043796,0.043879,4193675.75726597,183666.22346522042,352
1547078400,2019-01-10 00:00:00,ADA/USD,0.052280,0.067000,0.041549,0.044032,0.048606,10359330.76660865,456142.0523153121,925
1546992000,2019-01-09 00:00:00,ADA/USD,0.048389,0.053214,0.048389,0.051932,0.051614,4234193.48018751,219890.13581309776,535
1546905600,2019-01-08 00:00:00,ADA/USD,0.047861,0.074000,0.046584,0.048125,0.050876,5068440.96058897,243918.7212283442,655
1546819200,2019-01-07 00:00:00,ADA/USD,0.049850,0.051100,0.047131,0.048130,0.049615,1819629.47012186,87578.76639696512,406
1546732800,2019-01-06 00:00:00,ADA/USD,0.044226,0.049698,0.044226,0.048691,0.047817,2213757.31853116,107790.0575966007,368
1546646400,2019-01-05 00:00:00,ADA/USD,0.043855,0.045519,0.042788,0.044145,0.044466,2047903.12615856,90404.68350426962,209
1546560000,2019-01-04 00:00:00,ADA/USD,0.042200,0.043798,0.042190,0.043553,0.042812,528195.77256200,23004.510482392787,118
1546473600,2019-01-03 00:00:00,ADA/USD,0.044904,0.044999,0.041963,0.042251,0.042901,1231871.63823468,52047.80858705346,264
1546387200,2019-01-02 00:00:00,ADA/USD,0.042216,0.047490,0.041766,0.045274,0.043973,1758376.99111098,79608.75989555851,272
1546300800,2019-01-01 00:00:00,ADA/USD,0.040477,0.042989,0.039749,0.042100,0.041258,1396990.17119012,58813.28620710405,136
1546214400,2018-12-31 00:00:00,ADA/USD,0.042998,0.042998,0.039800,0.040700,0.040943,1642861.37650278,66864.45802366314,207
1546128000,2018-12-30 00:00:00,ADA/USD,0.040845,0.043195,0.039703,0.043195,0.041436,1804431.83138432,77942.4329566457,236
1546041600,2018-12-29 00:00:00,ADA/USD,0.041505,0.044950,0.039990,0.040600,0.042332,3482732.20630068,141398.9275758076,322
1545955200,2018-12-28 00:00:00,ADA/USD,0.036595,0.042982,0.036003,0.041372,0.040231,3276806.30981133,135568.03064951434,359
1545868800,2018-12-27 00:00:00,ADA/USD,0.040561,0.040953,0.035940,0.036362,0.037808,2003825.80603957,72863.11395921084,239
1545782400,2018-12-26 00:00:00,ADA/USD,0.041580,0.042993,0.038684,0.040833,0.041067,805202.60937983,32878.8381488066,212
1545696000,2018-12-25 00:00:00,ADA/USD,0.045337,0.045337,0.038884,0.041286,0.040867,1869684.42962175,77191.79136136358,222
1545609600,2018-12-24 00:00:00,ADA/USD,0.045200,0.049300,0.044207,0.046386,0.046733,4736935.99084055,219727.51287112973,531
1545523200,2018-12-23 00:00:00,ADA/USD,0.042000,0.044654,0.041272,0.044170,0.042816,4047642.10238760,178784.3516624603,444
1545436800,2018-12-22 00:00:00,ADA/USD,0.040400,0.041699,0.038201,0.041249,0.040398,2219003.71600311,91531.6842814123,304
1545350400,2018-12-21 00:00:00,ADA/USD,0.038350,0.044804,0.038000,0.040404,0.041399,5447386.97786639,220096.22345371364,638
1545264000,2018-12-20 00:00:00,ADA/USD,0.034606,0.040000,0.033828,0.038934,0.037276,2952268.40168739,114943.61795129685,338
1545177600,2018-12-19 00:00:00,ADA/USD,0.034063,0.039900,0.033900,0.034105,0.035846,5303639.81162296,180880.63577540105,472
1545091200,2018-12-18 00:00:00,ADA/USD,0.032357,0.034890,0.031309,0.034434,0.032664,2718047.96520123,93593.26363373915,235
1545004800,2018-12-17 00:00:00,ADA/USD,0.029063,0.034895,0.028857,0.032074,0.031928,5191486.48954743,166511.73766574424,327
1544918400,2018-12-16 00:00:00,ADA/USD,0.027871,0.029247,0.027723,0.028828,0.028733,1532968.80260016,44192.424641357415,165
1544832000,2018-12-15 00:00:00,ADA/USD,0.027960,0.028180,0.027320,0.027879,0.027700,1756671.00179598,48974.23085907013,111
1544745600,2018-12-14 00:00:00,ADA/USD,0.028458,0.029483,0.027002,0.028093,0.027996,1775733.08473062,49885.66954933731,114
1544659200,2018-12-13 00:00:00,ADA/USD,0.029910,0.030349,0.028405,0.028655,0.029173,1384029.04437853,39659.35226666678,99
1544572800,2018-12-12 00:00:00,ADA/USD,0.028900,0.030795,0.028864,0.030000,0.030157,1162124.40527581,34863.7321582743,99
1544486400,2018-12-11 00:00:00,ADA/USD,0.029575,0.029991,0.028463,0.029094,0.029061,1542375.15226219,44873.86267991615,122
1544400000,2018-12-10 00:00:00,ADA/USD,0.031200,0.031200,0.029368,0.029799,0.030118,1030276.78323250,30701.217863545266,129
1544313600,2018-12-09 00:00:00,ADA/USD,0.030309,0.032426,0.029800,0.031300,0.030641,749253.66595800,23451.6397444854,110
1544227200,2018-12-08 00:00:00,ADA/USD,0.029444,0.031701,0.028502,0.030983,0.030087,1665126.64688536,51590.6189004491,188
1544140800,2018-12-07 00:00:00,ADA/USD,0.030269,0.034500,0.025601,0.029453,0.029373,7250606.49245726,213552.1130223437,342
1544054400,2018-12-06 00:00:00,ADA/USD,0.034097,0.037500,0.030000,0.030218,0.033755,2886714.59880326,87230.74174663691,215
1543968000,2018-12-05 00:00:00,ADA/USD,0.037000,0.037000,0.033315,0.033750,0.034538,2038280.17459738,68791.95589266157,143
1543881600,2018-12-04 00:00:00,ADA/USD,0.038007,0.043790,0.035332,0.036979,0.038454,3599546.42576886,133107.62727850667,207
1543795200,2018-12-03 00:00:00,ADA/USD,0.041139,0.042023,0.037500,0.038007,0.039019,1509968.12269019,57389.358439086056,162
1543708800,2018-12-02 00:00:00,ADA/USD,0.041699,0.044000,0.039900,0.041022,0.041704,1308499.49704307,53677.26636770082,142
1543622400,2018-12-01 00:00:00,ADA/USD,0.038267,0.043950,0.037567,0.041349,0.040994,2675472.82846924,110628.1259843746,300
1543536000,2018-11-30 00:00:00,ADA/USD,0.040800,0.041987,0.037000,0.038504,0.038320,1772610.41554153,68252.59144001106,205
1543449600,2018-11-29 00:00:00,ADA/USD,0.042099,0.045500,0.039473,0.042000,0.041851,3718785.61018492,156188.99562776665,426
1543363200,2018-11-28 00:00:00,ADA/USD,0.036324,0.050000,0.036095,0.041728,0.041294,6989303.18217507,291649.64318580134,799
