unix,date,symbol,open,high,low,close,vwap,Volume LINK,Volume USD,tradecount
1609545600,2021-01-02 00:00:00,LINK/USD,11.87258,11.87700,11.76000,11.76000,11.80013,762.93785217,8972.1491415192,15
1609459200,2021-01-01 00:00:00,LINK/USD,11.25000,12.48555,11.07800,11.87019,11.88381,545466.88736203,6474795.5916958945,4324
1609372800,2020-12-31 00:00:00,LINK/USD,11.26205,11.76106,10.95001,11.25169,11.28088,533878.63042663,6007036.847185009,3841
1609286400,2020-12-30 00:00:00,LINK/USD,11.77010,11.95840,11.07674,11.25973,11.45846,572822.74031915,6449829.393853743,4876
1609200000,2020-12-29 00:00:00,LINK/USD,12.60000,12.98936,10.80997,11.77300,11.70028,905506.51389167,10660528.18804663,9481
1609113600,2020-12-28 00:00:00,LINK/USD,12.13074,12.91115,11.96000,12.60000,12.44931,725611.05040291,9142699.235076666,8357
1609027200,2020-12-27 00:00:00,LINK/USD,10.97359,13.20839,10.46893,12.12851,11.92067,1492257.95893979,18098865.577580832,12919
1608940800,2020-12-26 00:00:00,LINK/USD,11.54751,11.80199,10.61693,10.97360,11.11951,535910.52264024,5880867.711244938,6210
1608854400,2020-12-25 00:00:00,LINK/USD,11.57652,11.89593,11.07391,11.54150,11.40093,396463.49038788,4575783.374311717,4643
1608768000,2020-12-24 00:00:00,LINK/USD,10.89696,11.68592,9.89000,11.57499,10.71090,764934.68111301,8854111.28453628,8651
1608681600,2020-12-23 00:00:00,LINK/USD,12.78136,12.84999,7.08990,11.00594,11.00655,963375.88733748,10602857.213483065,10127
1608595200,2020-12-22 00:00:00,LINK/USD,12.32646,12.84474,11.82494,12.81311,12.34457,525784.61060093,6736936.051936883,4440
1608508800,2020-12-21 00:00:00,LINK/USD,13.05914,13.24000,12.12351,12.32645,12.64265,447919.87893206,5521261.991662091,5483
1608422400,2020-12-20 00:00:00,LINK/USD,13.48864,13.77685,12.70000,13.06684,13.33425,547805.95780818,7158092.801726239,5619
1608336000,2020-12-19 00:00:00,LINK/USD,13.51717,13.97083,13.32737,13.48900,13.69293,257560.74992387,3474236.9557230826,3455
1608249600,2020-12-18 00:00:00,LINK/USD,13.46815,14.00000,13.17940,13.52428,13.55742,386420.40060969,5226057.695557618,4013
1608163200,2020-12-17 00:00:00,LINK/USD,13.51570,14.57301,13.10277,13.46717,13.81424,797636.21956651,10741902.567059515,8887
1608076800,2020-12-16 00:00:00,LINK/USD,12.68278,13.52702,12.33049,13.51980,12.94808,635626.32882710,8593540.840476627,6274
1607990400,2020-12-15 00:00:00,LINK/USD,12.84000,13.01678,12.45001,12.69020,12.70285,262526.50623271,3331513.8693943364,3835
1607904000,2020-12-14 00:00:00,LINK/USD,12.92841,12.98000,12.33000,12.84000,12.72273,277528.47400524,3563465.606227282,4171
1607817600,2020-12-13 00:00:00,LINK/USD,12.23069,13.25000,12.03232,12.93195,12.57617,405042.37403248,5237987.72886933,3056
1607731200,2020-12-12 00:00:00,LINK/USD,11.64974,12.36871,11.62000,12.20788,12.03644,353406.93645443,4314349.471403306,2253
1607644800,2020-12-11 00:00:00,LINK/USD,11.94575,11.94575,11.42824,11.65033,11.66157,480622.12622874,5599406.375866476,3346
1607558400,2020-12-10 00:00:00,LINK/USD,12.63089,12.65584,11.85568,11.89469,12.16053,444257.50107292,5284305.255437051,3099
1607472000,2020-12-09 00:00:00,LINK/USD,12.11574,12.83659,11.55364,12.61607,12.11106,528675.30206044,6669804.618065655,4693
1607385600,2020-12-08 00:00:00,LINK/USD,13.08391,13.19097,12.00000,12.12298,12.62016,492120.32483688,5965964.855591,4909
1607299200,2020-12-07 00:00:00,LINK/USD,13.52374,13.54653,12.88319,13.08883,13.13269,268746.60310191,3517578.6010783724,2587
1607212800,2020-12-06 00:00:00,LINK/USD,13.16282,13.53817,12.77130,13.51533,13.20818,271081.54670314,3663756.5606033495,3208
1607126400,2020-12-05 00:00:00,LINK/USD,12.67063,13.35020,12.53482,13.16391,13.06798,214274.03759300,2820684.1462108684,2977
1607040000,2020-12-04 00:00:00,LINK/USD,13.98659,14.05377,12.53000,12.68286,13.36366,595170.09722747,7548459.019322391,5698
1606953600,2020-12-03 00:00:00,LINK/USD,13.97718,14.25000,13.67139,13.99711,13.96501,382082.64142817,5348052.761160653,3720
1606867200,2020-12-02 00:00:00,LINK/USD,13.36157,14.14000,13.08281,13.97676,13.58704,496151.05498105,6934584.219216941,6300
1606780800,2020-12-01 00:00:00,LINK/USD,14.25795,14.84994,12.90502,13.35864,13.89631,825662.77296887,11029731.745492864,7763
1606694400,2020-11-30 00:00:00,LINK/USD,13.38595,14.43285,13.38595,14.26000,14.02582,795590.98018475,11345127.377434535,8535
1606608000,2020-11-29 00:00:00,LINK/USD,13.09025,13.46300,12.85484,13.38595,13.12485,343265.78595783,4594938.647542215,4335
1606521600,2020-11-28 00:00:00,LINK/USD,12.50219,13.46638,12.35603,13.09465,12.95198,533849.28023247,6990569.477396114,5885
1606435200,2020-11-27 00:00:00,LINK/USD,12.60838,12.95805,11.97525,12.49374,12.33608,416533.21206650,5204057.652923713,5636
1606348800,2020-11-26 00:00:00,LINK/USD,14.20342,14.47098,11.27615,12.58625,12.44933,1987154.47724951,25010823.039281644,19978
1606262400,2020-11-25 00:00:00,LINK/USD,15.67506,15.87896,13.82000,14.25132,15.03577,705010.05854431,10047323.947533697,8566
1606176000,2020-11-24 00:00:00,LINK/USD,15.29713,16.38713,14.97167,15.66634,15.65981,1107232.87308564,17346286.648936484,13457
1606089600,2020-11-23 00:00:00,LINK/USD,14.52156,15.42000,14.25826,15.27313,14.89152,845589.40689679,12914796.938157571,9020
1606003200,2020-11-22 00:00:00,LINK/USD,15.46476,15.74782,13.71492,14.51327,14.79203,928195.74330703,13471155.435465619,9795
1605916800,2020-11-21 00:00:00,LINK/USD,14.08547,15.50000,13.70001,15.49030,14.61407,943101.64135995,14608927.355158033,9866
1605830400,2020-11-20 00:00:00,LINK/USD,13.61468,14.47000,13.48501,14.10708,14.08544,731743.79839426,10322768.303451696,6075
1605744000,2020-11-19 00:00:00,LINK/USD,13.58376,13.98000,13.01419,13.63115,13.57427,722830.35477605,9853008.990505554,5638
1605657600,2020-11-18 00:00:00,LINK/USD,13.39997,14.27130,12.42789,13.57686,13.51089,1609596.36477781,21853264.50109726,12500
1605571200,2020-11-17 00:00:00,LINK/USD,12.63000,13.42730,12.57000,13.38915,12.95896,831863.96123784,11137951.356607625,6540
1605484800,2020-11-16 00:00:00,LINK/USD,12.07372,12.81000,12.01248,12.64550,12.47006,411165.97979044,5199399.397440009,3242
1605398400,2020-11-15 00:00:00,LINK/USD,12.53308,12.63886,11.83000,12.13596,12.19348,367009.92292334,4454017.744200737,2827
1605312000,2020-11-14 00:00:00,LINK/USD,12.89035,12.93268,12.36300,12.59200,12.59803,307937.29388899,3877546.4046501624,2637
1605225600,2020-11-13 00:00:00,LINK/USD,12.41525,13.02549,12.33290,12.88725,12.76018,473290.51817259,6099413.23031971,3442
1605139200,2020-11-12 00:00:00,LINK/USD,12.78013,13.10351,12.25658,12.41710,12.60296,735735.13079679,9135696.69261682,5589
1605052800,2020-11-11 00:00:00,LINK/USD,13.02359,13.43551,12.80000,12.80000,13.10866,851308.20009006,10896744.96115277,6675
1604966400,2020-11-10 00:00:00,LINK/USD,12.50064,13.28000,12.35000,13.04191,12.91334,860665.05264908,11224716.156794563,7062
1604880000,2020-11-09 00:00:00,LINK/USD,12.71498,13.04125,12.08000,12.51124,12.51125,826855.17100199,10344983.489646938,6763
1604793600,2020-11-08 00:00:00,LINK/USD,11.76156,13.12998,11.51000,12.72691,12.51731,885484.31004879,11269479.120403046,6872
1604707200,2020-11-07 00:00:00,LINK/USD,12.19234,13.59997,11.50000,11.75221,12.57088,2070877.36717025,24337385.703231882,16730
1604620800,2020-11-06 00:00:00,LINK/USD,10.99568,12.30000,10.94345,12.18555,11.62776,940872.80511043,11465052.610313399,6922
1604534400,2020-11-05 00:00:00,LINK/USD,10.50000,11.26600,10.10000,10.99999,10.69892,1010956.50980804,11120511.498323342,5904
1604448000,2020-11-04 00:00:00,LINK/USD,10.39038,10.68698,9.78000,10.47889,10.31977,730738.56367763,7657329.027535881,4448
1604361600,2020-11-03 00:00:00,LINK/USD,10.79000,10.79000,10.03000,10.39856,10.38887,677817.67187633,7048327.73006633,5300
1604275200,2020-11-02 00:00:00,LINK/USD,11.59058,11.69998,10.72000,10.79000,11.11299,648280.98964552,6994951.87827516,4626
1604188800,2020-11-01 00:00:00,LINK/USD,11.20298,11.59781,11.03099,11.57003,11.25102,282758.88572346,3271528.790587004,2202
1604102400,2020-10-31 00:00:00,LINK/USD,11.09632,11.38870,10.92794,11.23619,11.20561,296830.57387493,3335244.7258677497,2282
1604016000,2020-10-30 00:00:00,LINK/USD,11.27561,11.49493,10.77008,11.09001,11.06419,554590.32018856,6150412.196794333,4266
1603929600,2020-10-29 00:00:00,LINK/USD,11.46500,11.81650,11.11000,11.27456,11.42418,545054.32687216,6145247.711579779,3529
1603843200,2020-10-28 00:00:00,LINK/USD,11.91797,12.15690,11.13269,11.46851,11.60208,641912.51826916,7361780.134895043,4930
1603756800,2020-10-27 00:00:00,LINK/USD,11.71960,12.47739,11.51085,11.95018,12.03986,852599.85514428,10188721.736948071,5181
1603670400,2020-10-26 00:00:00,LINK/USD,12.12125,12.46889,11.28947,11.75929,11.79561,1057434.66405657,12434680.870693784,6434
1603584000,2020-10-25 00:00:00,LINK/USD,12.70480,12.88076,11.95000,12.15995,12.41662,529204.03432773,6435094.59722348,3975
1603497600,2020-10-24 00:00:00,LINK/USD,12.16733,12.89173,12.00477,12.70151,12.52492,469526.82671726,5963699.684817545,3913
1603411200,2020-10-23 00:00:00,LINK/USD,11.96742,12.28000,11.53581,12.16298,11.96593,804860.36080185,9789500.471225685,6281
1603324800,2020-10-22 00:00:00,LINK/USD,12.30657,12.30995,11.78136,11.96182,12.04953,208742.55415442,2496940.8591354243,1267
1603238400,2020-10-21 00:00:00,LINK/USD,9.84659,11.28999,9.80242,10.82646,10.67188,882611.51594695,9555558.272939017,5877
1603152000,2020-10-20 00:00:00,LINK/USD,10.90578,10.93813,9.80000,9.86938,10.31352,701924.75414234,6927562.130037327,4709
1603065600,2020-10-19 00:00:00,LINK/USD,10.94782,11.22223,10.65279,10.91470,10.91864,454546.36999217,4961237.264553538,3050
1602979200,2020-10-18 00:00:00,LINK/USD,10.64092,10.98709,10.61245,10.94783,10.83903,188304.19049317,2061522.2658068412,1333
1602892800,2020-10-17 00:00:00,LINK/USD,10.58615,10.69996,10.42196,10.61862,10.55746,229849.22205334,2440681.546280037,1828
1602806400,2020-10-16 00:00:00,LINK/USD,10.75244,10.91157,10.21613,10.58369,10.56707,547762.22890009,5797345.624387594,3494
1602720000,2020-10-15 00:00:00,LINK/USD,10.90221,10.91424,10.46202,10.77109,10.72678,558744.96724197,6018292.32921031,3494
1602633600,2020-10-14 00:00:00,LINK/USD,11.01000,11.36100,10.61205,10.91000,11.01444,719109.69162038,7845486.735578346,4233
1602547200,2020-10-13 00:00:00,LINK/USD,11.45001,11.59499,10.60671,11.00999,11.16132,767289.79772009,8447853.000000214,5129
1602460800,2020-10-12 00:00:00,LINK/USD,10.86660,11.82315,10.69681,11.43220,11.30703,969719.90501914,11086031.898159811,6698
1602374400,2020-10-11 00:00:00,LINK/USD,10.52472,11.04371,10.17000,10.87563,10.60699,500623.16941488,5444592.359983551,3664
1602288000,2020-10-10 00:00:00,LINK/USD,10.41539,10.95993,10.35072,10.52113,10.63699,563253.89107353,5926067.410990448,3940
1602201600,2020-10-09 00:00:00,LINK/USD,9.56488,10.54786,9.39000,10.41541,10.08005,794503.34241941,8275078.057668547,5219
1602115200,2020-10-08 00:00:00,LINK/USD,8.99849,9.66952,8.44001,9.55486,9.20423,656374.44433218,6271565.923171773,4285
1602028800,2020-10-07 00:00:00,LINK/USD,8.76649,9.00888,8.38267,8.97100,8.76343,351579.70857993,3154021.565670552,2749
1601942400,2020-10-06 00:00:00,LINK/USD,9.62857,9.66243,8.58000,8.76644,9.05900,502866.46872184,4408348.726061887,3536
1601856000,2020-10-05 00:00:00,LINK/USD,9.40000,9.70760,9.27513,9.61867,9.53997,314751.65784416,3027492.3287558863,1999
1601769600,2020-10-04 00:00:00,LINK/USD,9.27270,9.45743,9.11844,9.40088,9.25543,286930.99347059,2697403.8378978004,1669
1601683200,2020-10-03 00:00:00,LINK/USD,9.22614,9.55000,9.13000,9.27399,9.32076,275477.55058350,2554776.049335873,1669
1601596800,2020-10-02 00:00:00,LINK/USD,9.59387,9.82805,8.81125,9.21687,9.21106,865432.83688888,7976581.951336011,5070
1601510400,2020-10-01 00:00:00,LINK/USD,9.89919,10.42198,9.30240,9.64552,9.83461,567089.72425596,5469875.277105346,4361
1601424000,2020-09-30 00:00:00,LINK/USD,10.14693,10.21644,9.59000,9.87088,9.87128,397641.88702385,3925075.3497859803,2956
1601337600,2020-09-29 00:00:00,LINK/USD,10.72685,10.72685,10.72685,10.72685,0.00000,0.00000000,0.0,0
1601251200,2020-09-28 00:00:00,LINK/USD,10.72685,10.72685,10.72685,10.72685,0.00000,0.00000000,0.0,0
1601164800,2020-09-27 00:00:00,LINK/USD,10.72685,10.72685,10.72685,10.72685,0.00000,0.00000000,0.0,0
1601078400,2020-09-26 00:00:00,LINK/USD,10.72685,10.72685,10.72685,10.72685,0.00000,0.00000000,0.0,0
1600992000,2020-09-25 00:00:00,LINK/USD,9.87127,11.21640,9.38367,10.72685,10.31027,1115146.43551962,11962008.541853637,10355
1600905600,2020-09-24 00:00:00,LINK/USD,7.63954,10.49998,7.48008,9.87421,9.08129,1594276.09704466,15742216.980199352,13299
1600819200,2020-09-23 00:00:00,LINK/USD,8.74999,8.78790,7.31200,7.63320,8.02131,1219741.68629469,9310532.239824628,10276
1600732800,2020-09-22 00:00:00,LINK/USD,8.72674,9.06700,8.52711,8.74017,8.81195,460002.20456602,4020497.4682817915,4653
1600646400,2020-09-21 00:00:00,LINK/USD,9.72870,9.88982,8.55000,8.70255,8.93623,1210419.95275910,10533740.159883706,9555
1600560000,2020-09-20 00:00:00,LINK/USD,10.12527,10.61991,9.50711,9.73030,10.07390,410356.36717412,3992890.5595143395,4616
1600473600,2020-09-19 00:00:00,LINK/USD,10.09120,10.49970,9.89436,10.11297,10.17373,249363.71828628,2521807.802117601,2983
1600387200,2020-09-18 00:00:00,LINK/USD,11.01095,11.11703,9.79659,10.08650,10.38138,460780.35115537,4647661.011928639,4745
1600300800,2020-09-17 00:00:00,LINK/USD,10.74050,11.67089,10.52274,11.01085,10.91607,590981.20091252,6507205.356067621,6069
1600214400,2020-09-16 00:00:00,LINK/USD,10.95358,11.32894,10.50006,10.73137,10.87902,463337.36185340,4972244.664872722,4659
1600128000,2020-09-15 00:00:00,LINK/USD,12.13631,12.24021,10.77000,10.96170,11.59048,624108.88417869,6841294.355701547,5636
1600041600,2020-09-14 00:00:00,LINK/USD,12.04997,12.40467,11.65000,12.13097,12.06537,379860.29087330,4608073.792775276,3959
1599955200,2020-09-13 00:00:00,LINK/USD,12.71894,13.20258,11.76000,12.07570,12.29046,457684.01333892,5526854.839876796,5017
1599868800,2020-09-12 00:00:00,LINK/USD,12.44720,13.03000,12.10321,12.71728,12.44139,305402.23382091,3883885.720125982,3090
1599782400,2020-09-11 00:00:00,LINK/USD,12.51729,12.67500,12.03826,12.46783,12.39267,425136.62378620,5300531.152140298,4097
1599696000,2020-09-10 00:00:00,LINK/USD,12.35070,13.27500,12.20000,12.51968,12.80666,650806.65983190,8147891.122964242,5979
1599609600,2020-09-09 00:00:00,LINK/USD,11.73242,12.65200,11.45322,12.34586,12.19923,401713.89624380,4959503.52308048,4649
1599523200,2020-09-08 00:00:00,LINK/USD,12.48000,12.71289,11.05709,11.74998,11.85495,626619.97597928,7362772.18535702,6912
1599436800,2020-09-07 00:00:00,LINK/USD,12.79867,13.17137,11.12517,12.45831,12.23784,823606.52933772,10260745.460513411,9179
1599350400,2020-09-06 00:00:00,LINK/USD,10.54928,13.24000,9.74751,12.79867,11.72838,1134141.72316171,14515505.647978082,10317
1599264000,2020-09-05 00:00:00,LINK/USD,12.39749,12.73894,9.20000,10.59052,10.84032,1515351.08630138,16048355.986496491,15952
1599177600,2020-09-04 00:00:00,LINK/USD,11.90262,12.94656,11.02002,12.38171,12.13245,887541.48862915,10989281.325174432,10503
1599091200,2020-09-03 00:00:00,LINK/USD,14.81989,14.99201,11.02451,11.92804,13.18021,884771.68039176,10553591.994580127,10041
1599004800,2020-09-02 00:00:00,LINK/USD,16.04480,16.34491,14.02376,14.79151,15.01512,657511.41996038,9725586.74345816,6344
1598918400,2020-09-01 00:00:00,LINK/USD,15.58982,16.54486,15.11000,16.09845,15.94809,445582.73205073,7173191.332782074,5760
1598832000,2020-08-31 00:00:00,LINK/USD,16.50988,16.94000,15.51314,15.58965,16.33399,347472.04789762,5416967.611507132,4832
1598745600,2020-08-30 00:00:00,LINK/USD,16.39378,17.77795,16.37332,16.47938,17.15056,518741.27266255,8548534.553889772,7363
1598659200,2020-08-29 00:00:00,LINK/USD,15.13215,17.00000,14.98606,16.41729,16.24069,587920.93476736,9652068.483146831,7287
1598572800,2020-08-28 00:00:00,LINK/USD,14.52487,15.47230,14.27200,15.13482,15.02079,268506.67107602,4063800.135534769,3144
1598486400,2020-08-27 00:00:00,LINK/USD,15.24344,15.50000,14.04008,14.51227,14.79244,438054.97487712,6357172.070259982,5184
1598400000,2020-08-26 00:00:00,LINK/USD,14.11734,15.65000,14.04630,15.22512,14.96101,482539.68512509,7346724.61079171,5766
1598313600,2020-08-25 00:00:00,LINK/USD,15.15484,15.34876,13.51000,14.11734,14.34846,571013.19164099,8061187.370881014,6007
1598227200,2020-08-24 00:00:00,LINK/USD,15.05901,15.89064,14.71111,15.13373,15.22606,413170.48278688,6252810.530466289,3879
1598140800,2020-08-23 00:00:00,LINK/USD,15.88000,15.99103,14.66565,15.16863,15.17732,482401.20314153,7317365.362008706,4259
1598054400,2020-08-22 00:00:00,LINK/USD,13.85620,16.32463,13.12570,15.84346,15.12062,797253.53764690,12631254.533567155,7843
1597968000,2020-08-21 00:00:00,LINK/USD,16.14443,16.14443,12.90002,13.84179,14.30922,1482191.20538408,20516179.404773306,14077
1597881600,2020-08-20 00:00:00,LINK/USD,16.20648,16.76632,15.68925,16.06377,16.21163,452264.43229276,7265071.81953147,4477
1597795200,2020-08-19 00:00:00,LINK/USD,16.19600,17.28139,14.87612,16.18000,16.16797,898181.76602053,14532580.974212175,8364
1597708800,2020-08-18 00:00:00,LINK/USD,16.84990,17.70551,14.86000,16.22287,16.46286,1434519.32561157,23272020.53188417,12839
1597622400,2020-08-17 00:00:00,LINK/USD,18.86108,19.69000,14.78900,16.84990,18.17940,862538.71162717,14533691.037046652,8554
1597536000,2020-08-16 00:00:00,LINK/USD,19.22510,19.99500,18.44474,18.85006,19.16853,588178.03746725,11087191.29693991,5831
1597449600,2020-08-15 00:00:00,LINK/USD,16.96907,19.81926,16.57276,19.19193,18.54048,1299074.38921786,24931744.742661923,11416
1597363200,2020-08-14 00:00:00,LINK/USD,17.21930,17.62674,16.33983,16.96092,16.93134,555034.03221639,9413887.817699615,6093
1597276800,2020-08-13 00:00:00,LINK/USD,16.48737,18.30000,15.98477,17.21749,17.12631,1772668.48181981,30520901.859047767,18801
1597190400,2020-08-12 00:00:00,LINK/USD,13.00820,16.75756,12.60000,16.47302,14.89362,1336499.82678172,22016188.37657181,12695
1597104000,2020-08-11 00:00:00,LINK/USD,13.47643,13.54223,12.10000,12.99332,12.84018,805289.29967366,10463381.56323576,7858
1597017600,2020-08-10 00:00:00,LINK/USD,13.83714,14.08119,12.52141,13.47180,13.39017,760126.52966960,10240272.582402917,7717
1596931200,2020-08-09 00:00:00,LINK/USD,12.76549,14.48654,12.00000,13.81657,13.39950,1308683.24638219,18081513.681466773,11532
1596844800,2020-08-08 00:00:00,LINK/USD,10.12000,13.86698,9.94301,12.71826,12.11928,1892681.00058875,24071609.062547877,14222
1596758400,2020-08-07 00:00:00,LINK/USD,10.22000,10.27107,9.17000,10.12000,9.86504,637608.80341341,6452601.090543709,4602
1596672000,2020-08-06 00:00:00,LINK/USD,9.52703,10.27571,9.47118,10.22000,9.77839,326758.42939668,3339471.1484340695,2707
1596585600,2020-08-05 00:00:00,LINK/USD,9.86900,9.86900,9.31422,9.53824,9.58822,449025.26748417,4282910.767328209,2963
1596499200,2020-08-04 00:00:00,LINK/USD,9.25303,9.97562,9.01990,9.86680,9.46382,760753.11644422,7506198.849331829,5257
1596412800,2020-08-03 00:00:00,LINK/USD,8.28005,9.28997,8.09098,9.24171,8.67673,529421.48998863,4892759.878242822,3805
1596326400,2020-08-02 00:00:00,LINK/USD,8.31833,8.79611,7.26000,8.28685,8.24213,1100938.13401328,9123309.17584795,7294
1596240000,2020-08-01 00:00:00,LINK/USD,7.81224,8.48526,7.64950,8.32326,7.99887,528414.51298406,4398131.379339707,3237
1596153600,2020-07-31 00:00:00,LINK/USD,7.42807,7.87350,7.42807,7.81882,7.68751,654004.48558417,5113543.351975219,3167
1596067200,2020-07-30 00:00:00,LINK/USD,7.09149,7.59499,7.05366,7.40171,7.36138,575586.47245992,4260324.149071314,2884
1595980800,2020-07-29 00:00:00,LINK/USD,7.25355,7.49285,7.00116,7.11956,7.21120,529883.82863326,3772539.7109842123,2608
1595894400,2020-07-28 00:00:00,LINK/USD,7.10819,7.41545,6.93798,7.25000,7.16315,388718.97349670,2818212.557851075,2807
1595808000,2020-07-27 00:00:00,LINK/USD,7.51487,7.51487,6.48833,7.11963,6.96670,1008586.65816052,7180763.829039383,5817
1595721600,2020-07-26 00:00:00,LINK/USD,7.68000,7.94228,7.25448,7.51131,7.54074,483770.70396803,3633751.726422103,3070
1595635200,2020-07-25 00:00:00,LINK/USD,7.43512,7.79997,7.40000,7.65836,7.64212,298722.02669072,2287720.8203271423,1989
1595548800,2020-07-24 00:00:00,LINK/USD,7.93107,7.93982,7.40000,7.43600,7.63321,386928.41270690,2877199.6768885083,2386
1595462400,2020-07-23 00:00:00,LINK/USD,7.49128,8.09335,7.47016,7.89648,7.81704,689333.52290801,5443308.376972644,4304
1595376000,2020-07-22 00:00:00,LINK/USD,7.31844,7.63664,7.09684,7.50019,7.42062,457106.96071090,3428389.055654285,2804
1595289600,2020-07-21 00:00:00,LINK/USD,7.23500,7.68445,6.94004,7.29939,7.29423,770808.21199093,5626429.754524475,4233
1595203200,2020-07-20 00:00:00,LINK/USD,8.09770,8.13504,7.11569,7.23609,7.55771,812337.67484850,5878148.525594483,4422
1595116800,2020-07-19 00:00:00,LINK/USD,7.97117,8.20655,7.79381,8.07500,7.96959,361051.24883629,2915488.8343530414,2244
1595030400,2020-07-18 00:00:00,LINK/USD,8.26000,8.26574,7.58021,7.96043,7.96367,741358.95277343,5901536.048426195,4366
1594944000,2020-07-17 00:00:00,LINK/USD,8.35823,8.61386,8.19397,8.26119,8.35670,545605.16333583,4507347.919298325,3044
1594857600,2020-07-16 00:00:00,LINK/USD,8.62854,8.86621,7.96000,8.35495,8.40943,1162784.67259903,9715007.800331267,6891
1594771200,2020-07-15 00:00:00,LINK/USD,8.13326,8.90771,7.84403,8.62836,8.40902,1199595.12314947,10350538.576777961,7736
1594684800,2020-07-14 00:00:00,LINK/USD,7.15268,8.39164,7.00000,8.12359,7.74007,1646579.67183930,13376138.15635702,8632
1594598400,2020-07-13 00:00:00,LINK/USD,7.34072,8.51829,6.84196,7.16417,7.68939,2118128.73620518,15174634.348059066,11861
1594512000,2020-07-12 00:00:00,LINK/USD,6.09654,7.38200,6.09654,7.34029,6.76596,1102266.24185431,8090953.872420774,5620
1594425600,2020-07-11 00:00:00,LINK/USD,6.14010,6.26000,5.98040,6.11453,6.13557,210980.42108787,1290046.1141544138,1198
1594339200,2020-07-10 00:00:00,LINK/USD,6.08819,6.20561,5.71311,6.13408,5.96448,463255.43699557,2841645.9109657863,2361
1594252800,2020-07-09 00:00:00,LINK/USD,6.49155,6.49427,5.70003,6.07532,6.05182,717399.37110674,4358430.747272199,3612
1594166400,2020-07-08 00:00:00,LINK/USD,5.72657,6.58589,5.60442,6.49288,6.20400,1172466.61763207,7612685.0522909155,4822
1594080000,2020-07-07 00:00:00,LINK/USD,5.35970,5.89874,5.34082,5.71659,5.63753,804333.41564946,4598044.360567546,3933
1593993600,2020-07-06 00:00:00,LINK/USD,4.75229,5.47973,4.74000,5.36638,5.13377,687906.75853596,3691569.0708722053,2747
1593907200,2020-07-05 00:00:00,LINK/USD,4.81646,4.82860,4.61506,4.74967,4.70538,153036.35357647,726872.1774915522,615
1593820800,2020-07-04 00:00:00,LINK/USD,4.73144,4.84732,4.72209,4.81805,4.78338,91190.20602597,439358.9721434248,371
1593734400,2020-07-03 00:00:00,LINK/USD,4.79319,4.88899,4.71003,4.74500,4.80991,145123.85418010,688612.6880845745,664
1593648000,2020-07-02 00:00:00,LINK/USD,4.70441,4.91900,4.58909,4.79433,4.77583,371463.47638694,1780918.4887461981,1422
1593561600,2020-07-01 00:00:00,LINK/USD,4.56591,4.73500,4.51976,4.70025,4.65516,262076.62947365,1231825.6776835234,973
1593475200,2020-06-30 00:00:00,LINK/USD,4.61503,4.65648,4.53897,4.57345,4.60592,70909.07676879,324299.11714822263,408
1593388800,2020-06-29 00:00:00,LINK/USD,4.56895,4.66106,4.43059,4.59954,4.56043,150683.11072331,693072.9950962933,668
1593302400,2020-06-28 00:00:00,LINK/USD,4.39808,4.61636,4.33226,4.56900,4.50156,189259.83909768,864728.2048372999,993
1593216000,2020-06-27 00:00:00,LINK/USD,4.68077,4.68460,4.30665,4.40303,4.47252,274103.54878655,1206886.1484136432,1101
1593129600,2020-06-26 00:00:00,LINK/USD,4.80767,4.87024,4.63846,4.67721,4.72845,409451.51523925,1915090.7215921723,1410
1593043200,2020-06-25 00:00:00,LINK/USD,4.70876,4.82792,4.50358,4.81048,4.72332,299295.90887359,1439756.9837182274,1518
1592956800,2020-06-24 00:00:00,LINK/USD,4.81225,4.94982,4.49990,4.70361,4.71369,661905.43369329,3113345.0169740957,2610
1592870400,2020-06-23 00:00:00,LINK/USD,4.48875,4.94759,4.43000,4.79449,4.75299,632942.34286594,3034635.7334473203,2643
1592784000,2020-06-22 00:00:00,LINK/USD,4.17804,4.49000,4.17804,4.48802,4.36081,387147.93213834,1737527.6623955127,1452
1592697600,2020-06-21 00:00:00,LINK/USD,4.18942,4.19584,4.14027,4.17233,4.17079,80398.36773003,335448.52163103607,335
1592611200,2020-06-20 00:00:00,LINK/USD,4.09137,4.20000,4.06500,4.18117,4.15382,161817.81195175,676587.7807982984,646
1592524800,2020-06-19 00:00:00,LINK/USD,4.13665,4.16476,4.04370,4.08943,4.10005,204114.11580883,834710.3886121038,781
1592438400,2020-06-18 00:00:00,LINK/USD,4.16189,4.24613,4.09500,4.15084,4.16466,189591.14055897,786962.4898777949,849
1592352000,2020-06-17 00:00:00,LINK/USD,4.04500,4.19511,3.95608,4.16905,4.05252,300117.61487503,1251205.342294744,1092
1592265600,2020-06-16 00:00:00,LINK/USD,3.93269,4.09664,3.89548,4.04499,4.02400,210054.16491622,849666.9965444608,804
1592179200,2020-06-15 00:00:00,LINK/USD,3.93710,3.98908,3.62754,3.95245,3.78790,382702.81815070,1512613.7535997343,1673
1592092800,2020-06-14 00:00:00,LINK/USD,4.11044,4.11044,3.91524,3.94645,3.99099,93125.05301759,367513.3654812681,468
1592006400,2020-06-13 00:00:00,LINK/USD,4.07688,4.12563,4.01855,4.10497,4.07071,61768.72972594,253558.78246309192,236
1591920000,2020-06-12 00:00:00,LINK/USD,3.94892,4.16836,3.85000,4.08540,4.05588,282435.43871616,1153861.741331,916
1591833600,2020-06-11 00:00:00,LINK/USD,4.42542,4.45706,3.91000,3.96839,4.12229,488626.08500486,1939058.8694724364,1876
1591747200,2020-06-10 00:00:00,LINK/USD,4.43572,4.43572,4.35000,4.43172,4.38716,121873.19387225,540107.8707475278,475
1591660800,2020-06-09 00:00:00,LINK/USD,4.47702,4.49914,4.35956,4.44258,4.44426,122971.67834037,546311.518761361,579
1591574400,2020-06-08 00:00:00,LINK/USD,4.34546,4.46814,4.32720,4.46814,4.38971,101223.57157519,452281.08909796947,483
1591488000,2020-06-07 00:00:00,LINK/USD,4.35426,4.40104,4.19380,4.34707,4.29921,112070.34985536,487177.6557457398,621
1591401600,2020-06-06 00:00:00,LINK/USD,4.33000,4.39016,4.30000,4.35624,4.34817,79182.18362021,344936.5955737036,345
1591315200,2020-06-05 00:00:00,LINK/USD,4.43267,4.48039,4.33247,4.35543,4.40448,100281.58540128,436769.42550429696,662
1591228800,2020-06-04 00:00:00,LINK/USD,4.47264,4.50892,4.29678,4.42986,4.41560,179954.07442295,797171.3561232493,948
1591142400,2020-06-03 00:00:00,LINK/USD,4.39488,4.52485,4.30000,4.48529,4.45168,188621.05508512,846020.1321627379,909
1591056000,2020-06-02 00:00:00,LINK/USD,4.38637,4.61313,4.12547,4.40320,4.38815,370028.03806811,1629307.457221502,1919
1590969600,2020-06-01 00:00:00,LINK/USD,4.12750,4.47730,4.11634,4.38280,4.37731,250939.76322739,1099818.7942730049,1240
1590883200,2020-05-31 00:00:00,LINK/USD,4.17999,4.28044,4.05048,4.13174,4.16114,249296.48267787,1030028.2493394625,970
1590796800,2020-05-30 00:00:00,LINK/USD,3.98730,4.17541,3.94386,4.17541,4.08646,273950.98066518,1143857.6641791994,977
1590710400,2020-05-29 00:00:00,LINK/USD,4.04008,4.12400,3.94656,3.98640,4.04795,148487.34764304,591929.9626442147,651
1590624000,2020-05-28 00:00:00,LINK/USD,3.85030,4.06432,3.83160,4.03545,3.93852,156953.89588692,633379.5991568713,530
1590537600,2020-05-27 00:00:00,LINK/USD,3.84699,3.91604,3.81470,3.86301,3.88350,151326.68558879,584576.4996963516,434
1590451200,2020-05-26 00:00:00,LINK/USD,3.87460,3.87924,3.77255,3.85141,3.82235,87062.56267525,335313.6245130846,362
1590364800,2020-05-25 00:00:00,LINK/USD,3.77915,3.90455,3.77565,3.85532,3.84907,64801.83002944,249831.79134910062,291
1590278400,2020-05-24 00:00:00,LINK/USD,3.92964,4.01911,3.78143,3.78143,3.88613,108672.41879478,410937.1446031449,577
1590192000,2020-05-23 00:00:00,LINK/USD,4.06001,4.09947,3.90865,3.93701,3.99766,96660.50319815,380553.3676961486,554
1590105600,2020-05-22 00:00:00,LINK/USD,3.82065,4.13700,3.79679,4.05599,3.99429,142056.31150418,576178.9788978391,693
1590019200,2020-05-21 00:00:00,LINK/USD,4.08237,4.16396,3.72928,3.81296,3.95845,239823.92297534,914439.0253480524,1170
1589932800,2020-05-20 00:00:00,LINK/USD,3.95000,4.13287,3.85902,4.08855,4.02937,270330.65218932,1105260.3880086443,1134
1589846400,2020-05-19 00:00:00,LINK/USD,3.88396,3.94777,3.76724,3.94710,3.86714,90701.09326566,358006.2852288866,454
1589760000,2020-05-18 00:00:00,LINK/USD,3.78707,3.94591,3.78707,3.88641,3.89167,134912.41563118,524324.9612331742,723
1589673600,2020-05-17 00:00:00,LINK/USD,3.75926,3.85231,3.75806,3.78247,3.79752,164991.07227627,624073.7811528229,475
1589587200,2020-05-16 00:00:00,LINK/USD,3.65161,3.78597,3.61747,3.76050,3.72725,86142.87513839,323940.2819579156,290
1589500800,2020-05-15 00:00:00,LINK/USD,3.81075,3.83200,3.62502,3.65000,3.73382,132508.62519626,483656.48196634895,494
1589414400,2020-05-14 00:00:00,LINK/USD,3.78296,3.85926,3.70286,3.80833,3.79217,170261.93791343,648413.6460138529,642
1589328000,2020-05-13 00:00:00,LINK/USD,3.69978,3.81685,3.65000,3.77781,3.73387,146126.36220405,552037.6323980822,515
1589241600,2020-05-12 00:00:00,LINK/USD,3.58091,3.78500,3.55476,3.70502,3.70379,151214.71748758,560253.5525858337,581
1589155200,2020-05-11 00:00:00,LINK/USD,3.76899,3.83048,3.31565,3.57344,3.59904,371215.04055108,1326514.6745068515,1407
1589068800,2020-05-10 00:00:00,LINK/USD,4.00100,4.00100,3.50003,3.76805,3.71600,438877.97439312,1653714.1514119958,2263
1588982400,2020-05-09 00:00:00,LINK/USD,3.80683,4.20000,3.77250,4.03104,4.06915,456624.93536860,1840673.3794682415,1528
1588896000,2020-05-08 00:00:00,LINK/USD,3.77375,3.86422,3.69295,3.80876,3.79037,119190.25085405,453967.05984287144,514
1588809600,2020-05-07 00:00:00,LINK/USD,3.59728,3.85100,3.55184,3.75721,3.70116,254895.97119540,957697.6919350688,992
1588723200,2020-05-06 00:00:00,LINK/USD,3.67005,3.75835,3.57984,3.58721,3.69862,146543.91369966,525683.7926625573,524
1588636800,2020-05-05 00:00:00,LINK/USD,3.77792,3.80161,3.66213,3.68294,3.71984,114836.33639336,422935.3367565613,568
1588550400,2020-05-04 00:00:00,LINK/USD,3.71601,3.83000,3.50630,3.76574,3.68331,246766.07582069,929256.8823610052,917
1588464000,2020-05-03 00:00:00,LINK/USD,3.83000,3.85998,3.65000,3.71141,3.78450,146488.73013313,543679.7379034001,546
1588377600,2020-05-02 00:00:00,LINK/USD,3.75679,3.86498,3.73126,3.81400,3.82160,172522.73551390,658001.7132500146,545
1588291200,2020-05-01 00:00:00,LINK/USD,3.70960,3.90392,3.70960,3.76600,3.80891,76745.25623550,289022.634982893,399
1588204800,2020-04-30 00:00:00,LINK/USD,3.89000,3.98002,3.63671,3.70960,3.81032,274641.53015176,1018810.2202509688,1155
1588118400,2020-04-29 00:00:00,LINK/USD,3.65160,3.99453,3.64250,3.89713,3.80824,348895.95514546,1359692.8936760265,1394
1588032000,2020-04-28 00:00:00,LINK/USD,3.62665,3.73099,3.56289,3.66291,3.67606,145880.06994709,534345.5670098955,648
1587945600,2020-04-27 00:00:00,LINK/USD,3.74239,3.74239,3.46579,3.63417,3.58759,157537.77405779,572519.0523475987,825
1587859200,2020-04-26 00:00:00,LINK/USD,3.78820,3.81242,3.66933,3.71059,3.74065,269326.70787588,999360.9889771616,986
1587772800,2020-04-25 00:00:00,LINK/USD,3.77100,3.90303,3.75000,3.79206,3.81913,199811.27803306,757696.3549780456,707
1587686400,2020-04-24 00:00:00,LINK/USD,3.75311,3.88515,3.75002,3.78000,3.81992,106999.09060764,404456.5624968792,558
1587600000,2020-04-23 00:00:00,LINK/USD,3.68026,3.91077,3.60684,3.73123,3.77240,237047.66857025,884479.3723993739,1233
1587513600,2020-04-22 00:00:00,LINK/USD,3.48532,3.70181,3.44104,3.68806,3.62826,151709.10629641,559512.2865675379,673
1587427200,2020-04-21 00:00:00,LINK/USD,3.44413,3.57170,3.41099,3.46270,3.49572,275139.32262776,952724.9324631445,854
1587340800,2020-04-20 00:00:00,LINK/USD,3.58932,3.79559,3.38642,3.44413,3.58162,309509.82099028,1065992.059767253,1419
1587254400,2020-04-19 00:00:00,LINK/USD,3.76168,3.80612,3.52742,3.60839,3.65984,211814.97405190,764311.0342191354,1033
1587168000,2020-04-18 00:00:00,LINK/USD,3.45689,3.81670,3.45689,3.78239,3.66417,259153.72227588,980220.4475990657,1069
1587081600,2020-04-17 00:00:00,LINK/USD,3.49713,3.52965,3.38923,3.45500,3.45011,212169.35102883,733045.1078046076,843
1586995200,2020-04-16 00:00:00,LINK/USD,3.12005,3.55874,2.98001,3.46828,3.26140,337271.32821293,1169751.4022143409,1304
1586908800,2020-04-15 00:00:00,LINK/USD,3.25228,3.30925,3.07116,3.12466,3.19277,226860.05028230,708860.5247150916,819
1586822400,2020-04-14 00:00:00,LINK/USD,3.39518,3.44179,3.21251,3.23918,3.33945,295166.03802108,956095.9270371221,1062
1586736000,2020-04-13 00:00:00,LINK/USD,3.42000,3.46582,3.20000,3.38759,3.35839,462718.37598095,1567500.1432893064,1684
1586649600,2020-04-12 00:00:00,LINK/USD,3.31000,3.66000,3.17751,3.42001,3.43927,669479.76845032,2289627.502897779,2090
1586563200,2020-04-11 00:00:00,LINK/USD,3.23824,3.43693,3.07000,3.29417,3.26317,272155.66830702,896527.037866936,992
1586476800,2020-04-10 00:00:00,LINK/USD,3.31617,3.32920,2.95309,3.21535,3.10777,759276.14392972,2441338.5493844254,2280
1586390400,2020-04-09 00:00:00,LINK/USD,3.16496,3.46900,3.12567,3.32594,3.30079,631288.08799463,2099626.3033848596,1895
1586304000,2020-04-08 00:00:00,LINK/USD,2.71787,3.26900,2.71787,3.16668,3.04016,457135.24561710,1447601.039590758,1316
1586217600,2020-04-07 00:00:00,LINK/USD,2.56362,2.91000,2.56223,2.73284,2.72217,735520.87934187,2010060.879900636,1806
1586131200,2020-04-06 00:00:00,LINK/USD,2.28468,2.56364,2.28238,2.56364,2.45382,294281.63626178,754432.1739861496,709
1586044800,2020-04-05 00:00:00,LINK/USD,2.32076,2.32076,2.25000,2.27233,2.28896,88828.70151728,201848.1233187609,228
1585958400,2020-04-04 00:00:00,LINK/USD,2.29803,2.34280,2.26028,2.31677,2.29379,91309.63564815,211543.42458056446,323
1585872000,2020-04-03 00:00:00,LINK/USD,2.29640,2.38761,2.27176,2.30620,2.31749,75250.02358921,173541.6044014361,304
1585785600,2020-04-02 00:00:00,LINK/USD,2.29299,2.44500,2.26249,2.29278,2.34083,277056.51693464,635229.6408974039,755
1585699200,2020-04-01 00:00:00,LINK/USD,2.26937,2.29900,2.15438,2.27520,2.19591,223458.91392017,508413.7209511707,449
1585612800,2020-03-31 00:00:00,LINK/USD,2.13592,2.30000,2.11856,2.26841,2.20616,175837.53806691,398871.6297263593,431
1585526400,2020-03-30 00:00:00,LINK/USD,2.01479,2.20365,2.01365,2.15351,2.12205,255392.01338216,549989.2547386154,604
1585440000,2020-03-29 00:00:00,LINK/USD,2.15121,2.15344,2.00333,2.00914,2.06660,208022.96441807,417947.2587309212,418
1585353600,2020-03-28 00:00:00,LINK/USD,2.13782,2.14972,2.03131,2.14340,2.09926,238110.76593378,510366.61570246407,588
1585267200,2020-03-27 00:00:00,LINK/USD,2.33000,2.36997,2.10006,2.13445,2.27259,183123.51283996,390867.9819812526,490
1585180800,2020-03-26 00:00:00,LINK/USD,2.27266,2.31000,2.20467,2.30554,2.26648,177152.60209498,408432.4102340602,359
1585094400,2020-03-25 00:00:00,LINK/USD,2.29131,2.35000,2.19322,2.26808,2.25739,222065.63511380,503662.62568890746,619
1585008000,2020-03-24 00:00:00,LINK/USD,2.26462,2.37863,2.22000,2.31055,2.31208,303375.35335747,700963.9227001023,958
1584921600,2020-03-23 00:00:00,LINK/USD,1.94897,2.30312,1.94229,2.24235,2.12453,251567.03627821,564101.3437984443,1020
1584835200,2020-03-22 00:00:00,LINK/USD,2.25246,2.33248,1.93819,1.99310,2.09987,380226.97864313,757830.3911336224,1237
1584748800,2020-03-21 00:00:00,LINK/USD,2.23818,2.36000,2.13000,2.27285,2.24203,225929.57033528,513504.02393654117,822
1584662400,2020-03-20 00:00:00,LINK/USD,2.26963,2.62411,2.00562,2.26254,2.37406,801166.82480574,1812671.987795979,2823
1584576000,2020-03-19 00:00:00,LINK/USD,1.96347,2.36283,1.90046,2.24031,2.16970,465414.77159037,1042673.3669416218,1918
1584489600,2020-03-18 00:00:00,LINK/USD,1.87998,1.95567,1.77425,1.95312,1.85942,335269.97638892,654822.4962847274,1055
1584403200,2020-03-17 00:00:00,LINK/USD,1.79654,2.08162,1.74885,1.88287,1.95699,393954.52386832,741765.1543559437,1279
1584316800,2020-03-16 00:00:00,LINK/USD,2.07478,2.07558,1.54905,1.78263,1.77773,611047.72007169,1089271.9972313968,2299
1584230400,2020-03-15 00:00:00,LINK/USD,2.12391,2.40481,2.01000,2.09271,2.17028,355066.09304070,743050.3635672033,1205
1584144000,2020-03-14 00:00:00,LINK/USD,2.44113,2.49768,2.07069,2.14235,2.28202,174637.74994616,374135.1835971559,745
1584057600,2020-03-13 00:00:00,LINK/USD,2.04982,2.76304,1.40454,2.44590,2.16463,757163.27593598,1851945.6566118135,4284
1583971200,2020-03-12 00:00:00,LINK/USD,3.82993,3.85000,1.88000,2.07999,2.64196,974315.50673789,2026566.5108597437,4928
1583884800,2020-03-11 00:00:00,LINK/USD,4.08132,4.10894,3.54274,3.81000,3.79364,225474.18610247,859056.6490504107,889
1583798400,2020-03-10 00:00:00,LINK/USD,4.13666,4.21212,3.92595,4.07679,4.05860,193036.53332913,786969.4087108639,858
1583712000,2020-03-09 00:00:00,LINK/USD,4.04754,4.36719,3.61000,4.13252,4.03389,355635.05042727,1469668.958591702,1950
1583625600,2020-03-08 00:00:00,LINK/USD,4.33248,4.45211,3.87597,4.05000,4.17013,408105.80880686,1652828.5256677829,1808
1583539200,2020-03-07 00:00:00,LINK/USD,4.68543,4.69319,4.32000,4.36839,4.49134,130441.94132452,569821.2720626199,632
1583452800,2020-03-06 00:00:00,LINK/USD,4.73000,4.76125,4.54103,4.67699,4.63873,111350.64943358,520785.8738943593,578
1583366400,2020-03-05 00:00:00,LINK/USD,4.66600,4.94995,4.62387,4.73000,4.75439,265395.89586012,1255322.5874183679,1073
1583280000,2020-03-04 00:00:00,LINK/USD,4.59611,4.97000,4.53108,4.63765,4.73116,461218.84623171,2138971.5822264897,1676
1583193600,2020-03-03 00:00:00,LINK/USD,4.19604,4.68011,4.14840,4.56379,4.43243,263092.31555561,1200698.0788095375,1162
1583107200,2020-03-02 00:00:00,LINK/USD,3.85398,4.34165,3.82090,4.23521,4.19103,207950.27822510,880713.0978417258,810
1583020800,2020-03-01 00:00:00,LINK/USD,4.05468,4.27983,3.77311,3.88060,3.92661,151127.90069379,586466.9314323214,644
1582934400,2020-02-29 00:00:00,LINK/USD,4.16854,4.37049,4.06513,4.06514,4.22505,184073.25345206,748283.5455381072,751
1582848000,2020-02-28 00:00:00,LINK/USD,3.95228,4.24144,3.75682,4.17157,3.99805,167415.10779819,698383.8412376954,803
1582761600,2020-02-27 00:00:00,LINK/USD,3.55840,4.12028,3.44398,3.95510,3.83555,158770.76788284,627954.2640534205,898
1582675200,2020-02-26 00:00:00,LINK/USD,3.48334,3.85676,3.30000,3.57301,3.55924,272111.32980266,972256.5024982021,1275
1582588800,2020-02-25 00:00:00,LINK/USD,3.91564,3.94385,3.48400,3.49175,3.68271,209568.15135853,731759.5925061472,767
1582502400,2020-02-24 00:00:00,LINK/USD,4.26462,4.28259,3.78543,3.91736,3.97957,130982.02804805,513103.7573943091,680
1582416000,2020-02-23 00:00:00,LINK/USD,4.11489,4.38454,4.06578,4.27574,4.24267,95250.91471236,407268.1460722261,445
1582329600,2020-02-22 00:00:00,LINK/USD,4.29692,4.29783,3.52500,4.08493,4.08910,99377.26382985,405949.1663364691,552
1582243200,2020-02-21 00:00:00,LINK/USD,4.22175,4.51120,4.20461,4.30274,4.33192,42494.45753884,182842.60223066842,314
1582156800,2020-02-20 00:00:00,LINK/USD,4.39714,4.47800,4.09672,4.27256,4.25273,200076.93960613,854840.7290835669,877
1582070400,2020-02-19 00:00:00,LINK/USD,4.57000,4.87742,4.20001,4.38277,4.60051,239880.52517585,1051341.16932496,1219
1581984000,2020-02-18 00:00:00,LINK/USD,4.30247,4.63368,4.15881,4.56017,4.47004,92022.13390425,419636.5743661438,618
1581897600,2020-02-17 00:00:00,LINK/USD,4.53371,4.61147,3.85424,4.30117,4.22818,191573.42601460,823989.872771217,1080
1581811200,2020-02-16 00:00:00,LINK/USD,4.28490,4.85980,4.04099,4.46346,4.48013,204230.32703208,911573.8954946079,1477
1581724800,2020-02-15 00:00:00,LINK/USD,4.45900,4.68000,4.05313,4.28909,4.41297,283512.45932630,1216010.45417184,1714
1581638400,2020-02-14 00:00:00,LINK/USD,3.86942,4.50000,3.78859,4.41837,4.25831,279608.48447554,1235413.7395521917,1788
1581552000,2020-02-13 00:00:00,LINK/USD,4.00704,4.13398,3.71933,3.89333,3.88329,163903.74469037,638131.3663153582,1020
1581465600,2020-02-12 00:00:00,LINK/USD,4.02613,4.21710,3.62500,4.00704,4.01259,266353.39713275,1067288.7164468146,1567
1581379200,2020-02-11 00:00:00,LINK/USD,3.38570,4.02263,3.35158,4.02185,3.73977,229106.35951450,921431.4120133918,1064
1581292800,2020-02-10 00:00:00,LINK/USD,3.49914,3.49918,3.28178,3.41686,3.37341,57588.20802382,196770.84446826958,402
1581206400,2020-02-09 00:00:00,LINK/USD,3.41656,3.51000,3.23530,3.51000,3.38769,119614.83453052,419848.0692021252,592
1581120000,2020-02-08 00:00:00,LINK/USD,3.33593,3.47714,3.13107,3.42511,3.33571,105705.53292539,362053.0778780825,553
1581033600,2020-02-07 00:00:00,LINK/USD,2.89091,3.35931,2.88061,3.33383,3.18668,265862.34294190,886339.8547699945,1091
1580947200,2020-02-06 00:00:00,LINK/USD,2.84673,2.93785,2.80017,2.88728,2.88323,46404.64202194,133983.19481710694,260
1580860800,2020-02-05 00:00:00,LINK/USD,2.74670,2.89970,2.74614,2.84427,2.83594,52605.34004484,149623.79052933704,304
1580774400,2020-02-04 00:00:00,LINK/USD,2.78062,2.80157,2.67551,2.73375,2.72557,49830.28726024,136223.54779768112,250
1580688000,2020-02-03 00:00:00,LINK/USD,2.81478,2.88281,2.73875,2.77402,2.80972,29099.54074446,80722.70801594693,178
1580601600,2020-02-02 00:00:00,LINK/USD,2.80411,2.88173,2.73133,2.82382,2.81847,29415.24400593,83063.35432882525,160
1580515200,2020-02-01 00:00:00,LINK/USD,2.82604,2.87453,2.73866,2.85000,2.80785,65434.35632796,186487.915534686,194
1580428800,2020-01-31 00:00:00,LINK/USD,2.89891,2.90000,2.76571,2.82679,2.82918,54587.93676672,154308.63377279643,334
1580342400,2020-01-30 00:00:00,LINK/USD,2.72843,2.94498,1.96459,2.91377,2.82524,209964.94710904,611789.5639379075,591
1580256000,2020-01-29 00:00:00,LINK/USD,2.65735,2.82009,2.64823,2.77155,2.72981,73161.46165569,202770.6490518276,392
1580169600,2020-01-28 00:00:00,LINK/USD,2.59784,2.67641,2.59500,2.63762,2.61901,46378.33454370,122328.42275915401,198
1580083200,2020-01-27 00:00:00,LINK/USD,2.57337,2.66078,2.57337,2.59554,2.61212,46597.13182478,120944.71953648949,203
1579996800,2020-01-26 00:00:00,LINK/USD,2.42687,2.57500,2.42687,2.55888,2.52535,58958.97033616,150868.93001379308,256
1579910400,2020-01-25 00:00:00,LINK/USD,2.50285,2.50305,2.41914,2.45810,2.44633,16432.53627132,40392.81740853169,100
1579824000,2020-01-24 00:00:00,LINK/USD,2.45077,2.52631,2.36321,2.47163,2.45277,43271.29437101,106950.62930621946,367
1579737600,2020-01-23 00:00:00,LINK/USD,2.61753,2.61753,2.42019,2.45111,2.49417,96504.94987380,236544.2476851699,562
1579651200,2020-01-22 00:00:00,LINK/USD,2.67400,2.67772,2.61214,2.62994,2.64335,21300.61871591,56019.34918572035,109
1579564800,2020-01-21 00:00:00,LINK/USD,2.68202,2.73999,2.58460,2.64102,2.65705,63492.09651640,167683.89674174273,260
1579478400,2020-01-20 00:00:00,LINK/USD,2.62651,2.76471,2.53943,2.70513,2.68693,50064.29018794,135430.41331610215,265
1579392000,2020-01-19 00:00:00,LINK/USD,2.74275,2.84730,2.52212,2.60270,2.65005,64501.43404208,167877.88238132163,400
1579305600,2020-01-18 00:00:00,LINK/USD,2.68597,2.78733,2.59074,2.76378,2.70037,31764.96151738,87791.3653425045,250
1579219200,2020-01-17 00:00:00,LINK/USD,2.50198,2.87411,2.46831,2.71930,2.67775,185412.67695968,504192.6924564578,823
1579132800,2020-01-16 00:00:00,LINK/USD,2.40039,2.50413,2.30000,2.48644,2.42266,56729.67218873,141054.92611694583,346
1579046400,2020-01-15 00:00:00,LINK/USD,2.37040,2.56111,2.34322,2.40039,2.45432,101954.67366451,244730.97911755316,652
1578960000,2020-01-14 00:00:00,LINK/USD,2.19395,2.45838,2.18360,2.38500,2.36615,175392.71106193,418311.615882703,742
1578873600,2020-01-13 00:00:00,LINK/USD,2.23003,2.23003,2.15375,2.19686,2.19303,32850.01187611,72166.87709015101,144
1578787200,2020-01-12 00:00:00,LINK/USD,2.27050,2.30289,2.21552,2.24562,2.26969,42885.43142035,96304.38250616638,165
1578700800,2020-01-11 00:00:00,LINK/USD,2.22823,2.34779,2.22823,2.28321,2.29191,64962.59728872,148323.25175557839,363
1578614400,2020-01-10 00:00:00,LINK/USD,2.19036,2.27876,2.14994,2.22789,2.20538,53552.29823713,119308.62971951955,499
1578528000,2020-01-09 00:00:00,LINK/USD,2.18206,2.22461,2.10994,2.17167,2.15645,33309.74190262,72337.76719766279,292
1578441600,2020-01-08 00:00:00,LINK/USD,2.10497,2.34714,2.10497,2.17058,2.21450,159358.24398123,345899.81722077826,976
1578355200,2020-01-07 00:00:00,LINK/USD,1.94750,2.12565,1.91742,2.11631,2.04811,116078.93409794,245659.00902081138,689
1578268800,2020-01-06 00:00:00,LINK/USD,1.80407,1.94210,1.80407,1.94210,1.89335,51840.94830742,100680.30570784038,219
1578182400,2020-01-05 00:00:00,LINK/USD,1.83071,1.84023,1.79631,1.80130,1.81908,19177.15056540,34543.80131345502,134
1578096000,2020-01-04 00:00:00,LINK/USD,1.80492,1.84067,1.78057,1.82585,1.80729,4596.43998747,8392.4099511221,43
1578009600,2020-01-03 00:00:00,LINK/USD,1.71599,1.81878,1.69495,1.80037,1.78334,30842.26804431,55527.494118934395,128
1577923200,2020-01-02 00:00:00,LINK/USD,1.79048,1.80123,1.71311,1.72060,1.75644,22705.17637507,39066.52647094544,119
1577836800,2020-01-01 00:00:00,LINK/USD,1.79077,1.83772,1.77856,1.79751,1.80974,24530.81656342,44094.388080913086,103
1577750400,2019-12-31 00:00:00,LINK/USD,1.81319,1.81972,1.74512,1.76279,1.77188,31535.20873771,55589.950610747816,106
1577664000,2019-12-30 00:00:00,LINK/USD,1.87826,1.88333,1.80295,1.81834,1.85859,10091.70994023,18350.159852717818,77
1577577600,2019-12-29 00:00:00,LINK/USD,1.87197,1.91047,1.84184,1.89504,1.86206,13053.40930599,24736.73277122329,61
1577491200,2019-12-28 00:00:00,LINK/USD,1.87409,1.89274,1.86660,1.87612,1.88770,11852.63142760,22236.95887394891,52
1577404800,2019-12-27 00:00:00,LINK/USD,1.86871,1.91264,1.84875,1.87818,1.87418,8329.32146659,15643.964992120005,78
1577318400,2019-12-26 00:00:00,LINK/USD,1.79600,1.95000,1.76979,1.86058,1.87261,19921.38345281,37065.32762462923,140
1577232000,2019-12-25 00:00:00,LINK/USD,1.81933,1.83946,1.76396,1.83946,1.78074,11670.50776632,21467.43221583499,64
1577145600,2019-12-24 00:00:00,LINK/USD,1.85552,1.87281,1.83011,1.84851,1.84645,72788.65605516,134550.5586045238,339
1577059200,2019-12-23 00:00:00,LINK/USD,1.92987,1.95875,1.85200,1.85200,1.90745,90081.56718955,166831.0624350466,432
1576972800,2019-12-22 00:00:00,LINK/USD,1.86399,1.95446,1.85908,1.93081,1.93534,99050.87265176,191248.41542474471,516
1576886400,2019-12-21 00:00:00,LINK/USD,1.92493,1.92493,1.85438,1.86405,1.88615,42130.24877863,78532.89023580524,217
1576800000,2019-12-20 00:00:00,LINK/USD,1.79969,1.91964,1.78103,1.91964,1.87383,68005.74323879,130546.54495091084,427
1576713600,2019-12-19 00:00:00,LINK/USD,1.85228,1.85228,1.75480,1.80033,1.80607,38599.41533828,69491.68541596564,221
1576627200,2019-12-18 00:00:00,LINK/USD,1.74766,1.90094,1.62776,1.87727,1.78432,92008.73408951,172725.23624421444,534
1576540800,2019-12-17 00:00:00,LINK/USD,1.96420,1.99460,1.70724,1.75912,1.80589,111660.70775051,196424.58421807716,502
1576454400,2019-12-16 00:00:00,LINK/USD,2.05370,2.06018,1.95959,1.96639,1.99007,119416.43696050,234819.28747475758,398
1576368000,2019-12-15 00:00:00,LINK/USD,1.97652,2.11000,1.97000,2.07365,2.01456,61947.70256027,128457.8534141039,206
1576281600,2019-12-14 00:00:00,LINK/USD,2.07919,2.08868,1.97903,1.99843,2.01391,25196.18160570,50352.80520627905,174
1576195200,2019-12-13 00:00:00,LINK/USD,2.10388,2.11210,2.06761,2.07375,2.09327,18925.71962608,39247.2110745834,128
1576108800,2019-12-12 00:00:00,LINK/USD,2.17676,2.19107,2.04594,2.10647,2.10473,86168.32895425,181510.999892259,329
1576022400,2019-12-11 00:00:00,LINK/USD,2.28112,2.29174,2.15166,2.16844,2.21019,37347.75238036,80986.36017166782,255
1575936000,2019-12-10 00:00:00,LINK/USD,2.09273,2.27216,2.06934,2.26603,2.19856,93401.78431462,211651.24531045838,644
1575849600,2019-12-09 00:00:00,LINK/USD,2.06289,2.08426,2.02550,2.08425,2.06286,25852.86179670,53883.82719977197,130
1575763200,2019-12-08 00:00:00,LINK/USD,2.03632,2.08318,2.00700,2.06559,2.04311,23955.02929541,49481.26896230594,107
1575676800,2019-12-07 00:00:00,LINK/USD,2.09899,2.10717,2.04092,2.04092,2.09611,230413.50602548,470255.5327175226,331
1575590400,2019-12-06 00:00:00,LINK/USD,2.03000,2.09999,1.97948,2.07846,2.05055,122474.29428617,254557.9217020329,411
1575504000,2019-12-05 00:00:00,LINK/USD,2.03037,2.06000,1.97000,2.03000,2.00959,184185.05170301,373895.65495711024,447
1575417600,2019-12-04 00:00:00,LINK/USD,2.11934,2.17233,2.00004,2.04110,2.07243,30824.37378149,62915.62932539925,241
1575331200,2019-12-03 00:00:00,LINK/USD,2.10725,2.19406,2.06423,2.12692,2.12963,18392.77604629,39119.96322837513,119
1575244800,2019-12-02 00:00:00,LINK/USD,2.15200,2.15745,2.06075,2.10201,2.10770,31123.38560092,65421.66776698984,161
1575158400,2019-12-01 00:00:00,LINK/USD,2.21698,2.21698,2.13000,2.16450,2.15571,19098.92164548,41339.61590164146,104
1575072000,2019-11-30 00:00:00,LINK/USD,2.34153,2.34988,2.20605,2.23671,2.24753,16864.55948902,37721.12885468593,114
1574985600,2019-11-29 00:00:00,LINK/USD,2.28192,2.36766,2.28177,2.33432,2.33933,38857.12664188,90704.96786267332,181
1574899200,2019-11-28 00:00:00,LINK/USD,2.22180,2.31796,2.18770,2.27184,2.26158,35620.47949453,80924.03013485305,178
1574812800,2019-11-27 00:00:00,LINK/USD,2.25000,2.28300,2.10553,2.23109,2.23118,44732.75437777,99802.80096469886,310
1574726400,2019-11-26 00:00:00,LINK/USD,2.26878,2.35099,2.15479,2.25269,2.23703,40899.25753789,92133.34846302941,247
1574640000,2019-11-25 00:00:00,LINK/USD,2.21653,2.39000,2.02223,2.26513,2.14258,134786.00061561,305307.8135744367,480
1574553600,2019-11-24 00:00:00,LINK/USD,2.43920,2.43920,2.20447,2.21337,2.30546,44799.47244721,99157.80833048119,239
1574467200,2019-11-23 00:00:00,LINK/USD,2.33366,2.46231,2.24095,2.42574,2.35829,60610.25469806,147024.71923127206,261
1574380800,2019-11-22 00:00:00,LINK/USD,2.53323,2.57192,2.11136,2.35748,2.21036,334268.43431680,788031.1485331695,760
1574294400,2019-11-21 00:00:00,LINK/USD,2.67264,2.70525,2.47577,2.55334,2.56214,49285.59359634,125842.87755327877,354
1574208000,2019-11-20 00:00:00,LINK/USD,2.71066,2.79712,2.62966,2.70000,2.72802,10519.17313655,28401.767468685,142
1574121600,2019-11-19 00:00:00,LINK/USD,2.77866,2.79370,2.58760,2.72876,2.70389,35754.92229441,97566.60176009421,295
1574035200,2019-11-18 00:00:00,LINK/USD,2.90500,2.94330,2.68346,2.79703,2.82689,57850.51245253,161809.61884509996,328
1573948800,2019-11-17 00:00:00,LINK/USD,2.95127,2.95130,2.85976,2.90500,2.89961,17716.38267831,51466.09168049055,128
1573862400,2019-11-16 00:00:00,LINK/USD,3.02690,3.03323,2.91747,2.98463,2.97417,23288.82251668,69508.51834795863,179
1573776000,2019-11-15 00:00:00,LINK/USD,3.05000,3.06721,2.76011,3.03793,2.93851,133180.54360412,404593.16883126425,711
1573689600,2019-11-14 00:00:00,LINK/USD,2.99033,3.18161,2.96119,3.04870,3.09046,201524.39621155,614387.4267301525,803
1573603200,2019-11-13 00:00:00,LINK/USD,2.79403,3.09999,2.75871,2.98423,2.98388,84990.47199689,253631.11624727907,491
1573516800,2019-11-12 00:00:00,LINK/USD,2.74263,2.86936,2.72831,2.81800,2.79057,36481.96119985,102806.1666611773,283
1573430400,2019-11-11 00:00:00,LINK/USD,2.75566,2.75566,2.66921,2.74263,2.72353,23905.93934677,65565.14643063181,180
1573344000,2019-11-10 00:00:00,LINK/USD,2.81224,2.84220,2.75597,2.75597,2.79069,51991.84804965,143287.9734693939,270
1573257600,2019-11-09 00:00:00,LINK/USD,2.70962,2.85449,2.70962,2.79745,2.80197,29782.42210753,83314.8367247098,273
1573171200,2019-11-08 00:00:00,LINK/USD,2.66551,2.72530,2.61423,2.71144,2.68038,24683.33832408,66927.39086544348,179
1573084800,2019-11-07 00:00:00,LINK/USD,2.74187,2.74187,2.59542,2.67765,2.68071,74416.67334041,199261.80536994882,301
1572998400,2019-11-06 00:00:00,LINK/USD,2.68174,2.83551,2.65953,2.75640,2.70644,77165.96082967,212700.25443090242,453
1572912000,2019-11-05 00:00:00,LINK/USD,2.66500,2.69918,2.64000,2.68703,2.65322,86650.70794304,232833.0517641868,282
1572825600,2019-11-04 00:00:00,LINK/USD,2.65000,2.73395,2.63455,2.68430,2.69430,26189.57287892,70300.67047888496,191
1572739200,2019-11-03 00:00:00,LINK/USD,2.71378,2.71379,2.63352,2.67040,2.66601,9844.95735917,26289.974131927564,94
1572652800,2019-11-02 00:00:00,LINK/USD,2.71369,2.73977,2.69076,2.70518,2.71128,11847.09694162,32048.529704531593,111
1572566400,2019-11-01 00:00:00,LINK/USD,2.74339,2.78000,2.65196,2.71369,2.72514,28411.45373893,77099.87789679696,275
1572480000,2019-10-31 00:00:00,LINK/USD,2.62500,2.76130,2.53862,2.73441,2.66288,37313.73618800,102031.05336982908,327
1572393600,2019-10-30 00:00:00,LINK/USD,2.66788,2.66789,2.52000,2.61255,2.59002,47577.89699087,124299.63478349743,248
1572307200,2019-10-29 00:00:00,LINK/USD,2.69323,2.75635,2.64101,2.66567,2.69576,70390.54496547,187637.96399810442,310
1572220800,2019-10-28 00:00:00,LINK/USD,2.67000,3.45000,2.65226,2.66456,2.77930,217741.37512615,580184.9585061342,749
1572134400,2019-10-27 00:00:00,LINK/USD,2.71779,2.76962,2.65001,2.65418,2.69066,98570.37106598,261623.50747590282,477
1572048000,2019-10-26 00:00:00,LINK/USD,2.83008,3.00227,2.67000,2.76487,2.82242,148444.53411367,410429.8390348628,879
1571961600,2019-10-25 00:00:00,LINK/USD,2.70532,2.98896,2.60705,2.83382,2.83989,171886.39202468,487095.0954473787,756
1571875200,2019-10-24 00:00:00,LINK/USD,2.64000,2.77761,2.62055,2.71885,2.71628,97786.67006313,265867.28790114104,574
1571788800,2019-10-23 00:00:00,LINK/USD,2.60058,2.69660,2.40000,2.62419,2.55731,180546.13707497,473787.3674507655,973
1571702400,2019-10-22 00:00:00,LINK/USD,2.65364,4.00000,2.54000,2.59191,2.73341,141893.19427085,367774.38916255883,867
1571616000,2019-10-21 00:00:00,LINK/USD,2.44020,2.67350,2.43963,2.63509,2.60445,157988.78837462,416314.6763580774,576
1571529600,2019-10-20 00:00:00,LINK/USD,2.35390,2.44580,2.28230,2.43440,2.39115,33915.93602600,82564.95466169441,241
1571443200,2019-10-19 00:00:00,LINK/USD,2.33000,2.39218,2.30160,2.34097,2.34162,14632.17945351,34253.4931352833,113
1571356800,2019-10-18 00:00:00,LINK/USD,2.43440,2.49531,2.32022,2.35809,2.40510,47742.92863142,112582.12257646518,328
1571270400,2019-10-17 00:00:00,LINK/USD,2.35747,2.48997,2.27569,2.40780,2.40487,63654.31618265,153266.86250458466,551
1571184000,2019-10-16 00:00:00,LINK/USD,2.40765,2.40780,2.19500,2.37009,2.28112,87665.97770694,207776.2571034414,556
1571097600,2019-10-15 00:00:00,LINK/USD,2.53999,2.61206,2.33988,2.38130,2.49435,50713.45964762,120763.96145887751,349
1571011200,2019-10-14 00:00:00,LINK/USD,2.46447,2.67000,2.46180,2.53752,2.56451,38114.26622535,96715.71283215015,260
1570924800,2019-10-13 00:00:00,LINK/USD,2.60263,2.63336,2.43441,2.48750,2.51294,27449.09541418,68279.62484277274,308
1570838400,2019-10-12 00:00:00,LINK/USD,2.73290,2.75306,2.57000,2.58257,2.63683,71689.46566075,185143.0633314831,301
1570752000,2019-10-11 00:00:00,LINK/USD,2.65404,2.80838,2.56658,2.74300,2.70692,122662.04341575,336461.98508940224,836
1570665600,2019-10-10 00:00:00,LINK/USD,2.79653,2.97800,2.49049,2.64707,2.64507,166691.74917856,441244.7284980908,1207
1570579200,2019-10-09 00:00:00,LINK/USD,2.58066,2.97986,2.50841,2.81133,2.74745,145031.21567326,407730.6075587061,1229
1570492800,2019-10-08 00:00:00,LINK/USD,2.40712,2.67999,2.27699,2.57239,2.51402,102113.87238845,262676.7041933249,649
1570406400,2019-10-07 00:00:00,LINK/USD,2.16670,2.57695,2.11201,2.42500,2.41093,148085.33255510,359106.93144611747,791
1570320000,2019-10-06 00:00:00,LINK/USD,1.96207,2.34053,1.95964,2.19000,2.12752,31545.66655680,69085.00975939199,398
1570233600,2019-10-05 00:00:00,LINK/USD,1.96284,1.98000,1.92110,1.97208,1.95340,6429.23865576,12678.972968251182,74
1570147200,2019-10-04 00:00:00,LINK/USD,1.93658,1.99800,1.88746,1.97625,1.94326,13698.92370818,27072.497978290725,151
1570060800,2019-10-03 00:00:00,LINK/USD,2.05474,2.24936,1.91540,1.94718,2.01733,83568.13178109,162722.19484150282,810
1569974400,2019-10-02 00:00:00,LINK/USD,1.83408,2.08994,1.82001,2.05474,1.98200,116162.07756259,238682.86725095616,750
1569888000,2019-10-01 00:00:00,LINK/USD,1.77000,1.89999,1.75154,1.87504,1.82611,71453.29287032,133977.78226356482,417
1569801600,2019-09-30 00:00:00,LINK/USD,1.70659,1.83149,1.66619,1.77000,1.72996,30806.31157910,54527.171495006995,412
1569715200,2019-09-29 00:00:00,LINK/USD,1.70000,1.84987,1.65849,1.71263,1.71323,25319.10574318,43362.26006894236,224
1569628800,2019-09-28 00:00:00,LINK/USD,1.69422,1.72181,1.65939,1.70000,1.68848,11633.14327274,19776.343563658,140
1569542400,2019-09-27 00:00:00,LINK/USD,1.67703,1.70165,1.57654,1.69775,1.64025,16805.87639183,28532.17664422938,187
1569456000,2019-09-26 00:00:00,LINK/USD,1.82786,1.85896,1.53188,1.67701,1.68867,28950.15731921,48549.70332588836,310
1569369600,2019-09-25 00:00:00,LINK/USD,1.90000,2.09980,1.69000,1.84791,1.72520,41256.57388705,76238.43545161856,218
