unix,date,symbol,open,high,low,close,vwap,Volume EOS,Volume USD,tradecount
1609545600,2021-01-02 00:00:00,EOS/USD,2.6290,2.6290,2.6252,2.6252,2.6269,729.89915502,1916.1312617585038,4
1609459200,2021-01-01 00:00:00,EOS/USD,2.5978,2.7335,2.5779,2.6374,2.6384,189422.02894710,499581.6591450816,948
1609372800,2020-12-31 00:00:00,EOS/USD,2.6137,2.6523,2.5119,2.5854,2.5889,284845.20819702,736438.8012725755,1033
1609286400,2020-12-30 00:00:00,EOS/USD,2.6373,2.6667,2.5338,2.6091,2.5860,329785.18970756,860442.5384659949,1591
1609200000,2020-12-29 00:00:00,EOS/USD,2.7562,2.7840,2.5023,2.6366,2.6332,345397.89478011,910676.089377238,3326
1609113600,2020-12-28 00:00:00,EOS/USD,2.7141,2.8879,2.6871,2.7601,2.7867,296143.93674550,817386.8798112546,2953
1609027200,2020-12-27 00:00:00,EOS/USD,2.5981,2.8700,2.4749,2.7097,2.6863,499972.80919886,1354776.321086151,3319
1608940800,2020-12-26 00:00:00,EOS/USD,2.6636,2.6910,2.5182,2.6067,2.6009,409558.64242594,1067596.5132116978,2023
1608854400,2020-12-25 00:00:00,EOS/USD,2.6737,2.7354,2.5480,2.6614,2.6526,348077.38863487,926373.162112843,2368
1608768000,2020-12-24 00:00:00,EOS/USD,2.3121,2.6872,2.2575,2.6660,2.4681,338685.86493677,902936.5159214288,2865
1608681600,2020-12-23 00:00:00,EOS/USD,2.8961,2.9085,1.9900,2.3138,2.5019,792345.79142973,1833329.6922101094,4104
1608595200,2020-12-22 00:00:00,EOS/USD,2.9319,2.9540,2.7723,2.9033,2.8747,240351.19606554,697811.6275370823,1794
1608508800,2020-12-21 00:00:00,EOS/USD,3.1372,3.2791,2.9063,2.9370,3.0291,580080.53467377,1703696.5303368622,2645
1608422400,2020-12-20 00:00:00,EOS/USD,3.0567,3.3325,3.0092,3.1327,3.1762,537019.31532325,1682320.4091131452,2639
1608336000,2020-12-19 00:00:00,EOS/USD,3.0675,3.1117,3.0382,3.0631,3.0867,161401.34786644,494388.4686496923,620
1608249600,2020-12-18 00:00:00,EOS/USD,3.0429,3.1300,2.9871,3.0553,3.0516,182555.08814743,557760.560816843,969
1608163200,2020-12-17 00:00:00,EOS/USD,3.1072,3.2594,2.9627,3.0475,3.1060,543525.81628829,1656394.9251385636,2485
1608076800,2020-12-16 00:00:00,EOS/USD,2.8624,3.1185,2.8251,3.1126,2.9740,259191.98218060,806760.9637353355,1308
1607990400,2020-12-15 00:00:00,EOS/USD,2.8439,2.9021,2.8108,2.8622,2.8775,169114.21349315,484038.7018600939,700
1607904000,2020-12-14 00:00:00,EOS/USD,2.8489,2.8596,2.8022,2.8460,2.8304,57354.35294800,163230.488490008,998
1607817600,2020-12-13 00:00:00,EOS/USD,2.7664,2.8977,2.7572,2.8470,2.8428,108146.95729365,307894.38741502154,1143
1607731200,2020-12-12 00:00:00,EOS/USD,2.6907,2.7835,2.6820,2.7683,2.7523,53328.43562716,147629.10834666702,717
1607644800,2020-12-11 00:00:00,EOS/USD,2.7432,2.7472,2.6333,2.6942,2.6954,143141.98291812,385653.13037799887,1145
1607558400,2020-12-10 00:00:00,EOS/USD,2.8119,2.8141,2.7035,2.7409,2.7580,71362.78182304,195598.24869877033,628
1607472000,2020-12-09 00:00:00,EOS/USD,2.8000,2.8353,2.6637,2.8101,2.7679,133945.68773408,376400.7771015382,1395
1607385600,2020-12-08 00:00:00,EOS/USD,2.9402,2.9729,2.7465,2.8000,2.8816,218367.35357939,611428.590022292,1252
1607299200,2020-12-07 00:00:00,EOS/USD,2.9960,3.0051,2.9082,2.9518,2.9561,93992.80191563,277447.9526945566,803
1607212800,2020-12-06 00:00:00,EOS/USD,3.0099,3.0326,2.9165,2.9951,2.9672,113520.67447657,340005.7721247748,855
1607126400,2020-12-05 00:00:00,EOS/USD,2.8462,3.0072,2.8278,3.0072,2.9247,92005.51694177,276678.9905472907,1093
1607040000,2020-12-04 00:00:00,EOS/USD,3.0728,3.1473,2.8021,2.8452,2.9942,384030.58831932,1092643.8298861294,2012
1606953600,2020-12-03 00:00:00,EOS/USD,3.0611,3.1328,3.0152,3.0818,3.0792,167276.84755985,515513.7888099457,1300
1606867200,2020-12-02 00:00:00,EOS/USD,2.9951,3.0809,2.9661,3.0621,3.0299,196090.54889845,600448.8697819437,1600
1606780800,2020-12-01 00:00:00,EOS/USD,3.2614,3.3340,2.9132,2.9961,3.1012,819532.41603181,2455401.071672906,3178
1606694400,2020-11-30 00:00:00,EOS/USD,3.0345,3.2948,2.9910,3.2608,3.1340,520504.08672646,1697259.725997641,3103
1606608000,2020-11-29 00:00:00,EOS/USD,3.0000,3.0969,2.9106,3.0330,2.9865,320762.39111824,972872.332261622,2055
1606521600,2020-11-28 00:00:00,EOS/USD,2.8721,3.0742,2.8280,2.9962,2.9702,423037.78002667,1267505.7965159088,2275
1606435200,2020-11-27 00:00:00,EOS/USD,2.9527,3.0259,2.7565,2.8714,2.8582,555307.55506920,1594510.1136257008,2876
1606348800,2020-11-26 00:00:00,EOS/USD,3.4212,3.5230,2.7090,2.9512,2.9749,1589077.03163329,4689684.135756166,7436
1606262400,2020-11-25 00:00:00,EOS/USD,3.6070,3.8854,3.3156,3.4346,3.5890,858969.87109236,2950217.9192538196,5374
1606176000,2020-11-24 00:00:00,EOS/USD,3.3826,3.7693,3.3328,3.5876,3.5280,1599928.56570271,5739903.722315043,7465
1606089600,2020-11-23 00:00:00,EOS/USD,3.0699,3.3993,3.0000,3.3799,3.2584,970079.03808465,3278770.1408223086,5592
1606003200,2020-11-22 00:00:00,EOS/USD,3.2334,3.3044,2.9070,3.0647,3.0896,519876.86156671,1593266.6176434963,3801
1605916800,2020-11-21 00:00:00,EOS/USD,2.7815,3.3000,2.6954,3.2342,3.0104,711585.90922219,2301411.147606407,4568
1605830400,2020-11-20 00:00:00,EOS/USD,2.6455,2.8255,2.6420,2.7762,2.7519,269037.40662403,746901.6482696319,1781
1605744000,2020-11-19 00:00:00,EOS/USD,2.6324,2.6949,2.5647,2.6365,2.6421,131997.62851565,348011.7475815112,974
1605657600,2020-11-18 00:00:00,EOS/USD,2.7191,2.7342,2.4552,2.6422,2.5948,327342.48996276,864904.3269796044,1518
1605571200,2020-11-17 00:00:00,EOS/USD,2.5832,2.7516,2.5812,2.7149,2.6782,243528.16768098,661154.6224370926,1523
1605484800,2020-11-16 00:00:00,EOS/USD,2.4977,2.6060,2.4882,2.5887,2.5574,128766.09946548,333336.80168628803,676
1605398400,2020-11-15 00:00:00,EOS/USD,2.5389,2.5461,2.4728,2.5006,2.5060,27512.77655725,68798.44905905935,235
1605312000,2020-11-14 00:00:00,EOS/USD,2.6021,2.6099,2.5001,2.5405,2.5560,75395.18903987,191541.47775578976,445
1605225600,2020-11-13 00:00:00,EOS/USD,2.4650,2.6515,2.4631,2.5985,2.5788,274634.11391306,713636.7450030864,851
1605139200,2020-11-12 00:00:00,EOS/USD,2.5003,2.5050,2.4351,2.4667,2.4753,143754.58656272,354599.43867426144,690
1605052800,2020-11-11 00:00:00,EOS/USD,2.5060,2.5400,2.4970,2.5034,2.5164,115372.01008373,288822.2900436097,600
1604966400,2020-11-10 00:00:00,EOS/USD,2.4987,2.5284,2.4800,2.4985,2.5041,66391.42584428,165878.97747193358,402
1604880000,2020-11-09 00:00:00,EOS/USD,2.5431,2.5593,2.4591,2.4966,2.5093,80549.74143343,201100.48446270134,438
1604793600,2020-11-08 00:00:00,EOS/USD,2.4952,2.5630,2.4936,2.5376,2.5326,20899.76912842,53035.254140278594,171
1604707200,2020-11-07 00:00:00,EOS/USD,2.5414,2.6322,2.4500,2.5034,2.5751,233485.26264759,584507.0065119768,838
1604620800,2020-11-06 00:00:00,EOS/USD,2.4510,2.5464,2.4429,2.5389,2.5045,124279.48685978,315533.1891882954,611
1604534400,2020-11-05 00:00:00,EOS/USD,2.3590,2.4885,2.3590,2.4455,2.4266,153275.04860023,374834.13135186245,685
1604448000,2020-11-04 00:00:00,EOS/USD,2.3600,2.3747,2.2943,2.3518,2.3424,57818.22298160,135976.89680812688,298
1604361600,2020-11-03 00:00:00,EOS/USD,2.4348,2.4429,2.2391,2.3658,2.3174,269018.95455845,636445.042694381,1164
1604275200,2020-11-02 00:00:00,EOS/USD,2.5194,2.5505,2.4131,2.4356,2.4662,90113.65495155,219480.81799999517,474
1604188800,2020-11-01 00:00:00,EOS/USD,2.5275,2.5344,2.4604,2.5171,2.5018,58454.61987614,147136.123690232,272
1604102400,2020-10-31 00:00:00,EOS/USD,2.5020,2.5641,2.4962,2.5287,2.5287,93084.33757560,235382.36442741973,381
1604016000,2020-10-30 00:00:00,EOS/USD,2.6320,2.6434,2.4006,2.5140,2.4990,217193.10694599,546023.4708622189,992
1603929600,2020-10-29 00:00:00,EOS/USD,2.6545,2.6762,2.6031,2.6401,2.6420,94711.69159604,250048.33698270516,354
1603843200,2020-10-28 00:00:00,EOS/USD,2.6740,2.7521,2.6250,2.6575,2.6742,247830.93120477,658610.6996766763,968
1603756800,2020-10-27 00:00:00,EOS/USD,2.6300,2.6992,2.6300,2.6761,2.6685,126036.75708235,337286.9656280768,416
1603670400,2020-10-26 00:00:00,EOS/USD,2.7001,2.7487,2.5942,2.6299,2.6848,183502.19702105,482592.42794565944,565
1603584000,2020-10-25 00:00:00,EOS/USD,2.6622,2.7391,2.6215,2.7105,2.6903,166201.57010221,450489.35576204024,565
1603497600,2020-10-24 00:00:00,EOS/USD,2.6380,2.6621,2.6213,2.6621,2.6493,32549.47188767,86649.9491121663,159
1603411200,2020-10-23 00:00:00,EOS/USD,2.6721,2.6804,2.6014,2.6406,2.6493,114013.94756069,301065.229928758,433
1603324800,2020-10-22 00:00:00,EOS/USD,2.6806,2.7000,2.6614,2.6720,2.6736,24339.80476973,65035.95834471856,103
1603238400,2020-10-21 00:00:00,EOS/USD,2.5276,2.6583,2.5276,2.6123,2.6162,250483.82926056,654338.9071773608,836
1603152000,2020-10-20 00:00:00,EOS/USD,2.5812,2.5815,2.5054,2.5286,2.5393,96333.05307494,243587.7580052933,411
1603065600,2020-10-19 00:00:00,EOS/USD,2.5482,2.6112,2.5262,2.5837,2.5600,65451.08367316,169105.96488634348,390
1602979200,2020-10-18 00:00:00,EOS/USD,2.5225,2.5574,2.5224,2.5486,2.5331,36273.58865491,92446.86804590364,196
1602892800,2020-10-17 00:00:00,EOS/USD,2.5341,2.5477,2.5080,2.5224,2.5238,38515.94516222,97152.62007718373,231
1602806400,2020-10-16 00:00:00,EOS/USD,2.5994,2.6105,2.4816,2.5376,2.5321,90243.00088911,229000.63905620552,495
1602720000,2020-10-15 00:00:00,EOS/USD,2.6080,2.6237,2.5814,2.6008,2.6009,35485.85603685,92291.61438063947,216
1602633600,2020-10-14 00:00:00,EOS/USD,2.6462,2.6529,2.5851,2.6090,2.6039,36881.40457002,96223.58452318219,210
1602547200,2020-10-13 00:00:00,EOS/USD,2.6483,2.6650,2.6113,2.6399,2.6374,56299.05208870,148623.86760895912,272
1602460800,2020-10-12 00:00:00,EOS/USD,2.6582,2.6895,2.6144,2.6448,2.6478,233527.52001747,617633.5849422046,625
1602374400,2020-10-11 00:00:00,EOS/USD,2.6507,2.6842,2.6204,2.6585,2.6561,58114.29334355,154496.8488538277,325
1602288000,2020-10-10 00:00:00,EOS/USD,2.6499,2.7098,2.6363,2.6421,2.6862,103494.19383075,273442.0095202246,435
1602201600,2020-10-09 00:00:00,EOS/USD,2.6070,2.6584,2.5818,2.6424,2.6349,111000.81338563,293308.5492901887,418
1602115200,2020-10-08 00:00:00,EOS/USD,2.6398,2.6495,2.5010,2.6072,2.5787,212474.93673754,553964.6550621144,922
1602028800,2020-10-07 00:00:00,EOS/USD,2.6952,2.7188,2.5946,2.6448,2.6479,286592.15931072,757978.9429449922,1021
1601942400,2020-10-06 00:00:00,EOS/USD,2.5318,2.9699,2.4905,2.6969,2.7688,803930.52769472,2168120.24013989,3064
1601856000,2020-10-05 00:00:00,EOS/USD,2.5246,2.5324,2.4892,2.5265,2.5087,22234.78128097,56176.1749063707,154
1601769600,2020-10-04 00:00:00,EOS/USD,2.4819,2.5310,2.4775,2.5194,2.5043,18714.60445115,47149.57445422731,154
1601683200,2020-10-03 00:00:00,EOS/USD,2.4738,2.5023,2.4717,2.4819,2.4871,9276.54243391,23023.45066672123,78
1601596800,2020-10-02 00:00:00,EOS/USD,2.5397,2.5523,2.4183,2.4801,2.4785,118613.28173067,294172.8000202347,397
1601510400,2020-10-01 00:00:00,EOS/USD,2.5819,2.6210,2.4900,2.5452,2.5590,273045.97860335,694956.6247412463,665
1601424000,2020-09-30 00:00:00,EOS/USD,2.5932,2.5944,2.5553,2.5778,2.5753,47505.58457504,122459.8959175381,255
1601337600,2020-09-29 00:00:00,EOS/USD,2.5456,2.5456,2.5456,2.5456,0.0000,0.00000000,0.0,0
1601251200,2020-09-28 00:00:00,EOS/USD,2.5456,2.5456,2.5456,2.5456,0.0000,0.00000000,0.0,0
1601164800,2020-09-27 00:00:00,EOS/USD,2.5456,2.5456,2.5456,2.5456,0.0000,0.00000000,0.0,0
1601078400,2020-09-26 00:00:00,EOS/USD,2.5456,2.5456,2.5456,2.5456,0.0000,0.00000000,0.0,0
1600992000,2020-09-25 00:00:00,EOS/USD,2.5366,2.5582,2.4636,2.5456,2.5152,90809.60522044,231164.93104915207,448
1600905600,2020-09-24 00:00:00,EOS/USD,2.4372,2.5560,2.4368,2.5354,2.5108,77846.17149162,197371.18319985335,401
1600819200,2020-09-23 00:00:00,EOS/USD,2.5779,2.5779,2.3941,2.4399,2.4666,165214.86789464,403107.7561761321,418
1600732800,2020-09-22 00:00:00,EOS/USD,2.5048,2.5778,2.4914,2.5744,2.5398,45060.47084579,116003.67614540175,286
1600646400,2020-09-21 00:00:00,EOS/USD,2.6699,2.6871,2.4923,2.5056,2.5672,167735.37991546,420277.7679161766,602
1600560000,2020-09-20 00:00:00,EOS/USD,2.7049,2.7049,2.6299,2.6532,2.6513,46341.97552561,122954.52946454847,213
1600473600,2020-09-19 00:00:00,EOS/USD,2.6892,2.7250,2.6840,2.7049,2.7056,37011.88737744,100113.45416723745,194
1600387200,2020-09-18 00:00:00,EOS/USD,2.7389,2.7462,2.6484,2.6904,2.7014,58946.64161282,158590.04459513092,325
1600300800,2020-09-17 00:00:00,EOS/USD,2.7179,2.7676,2.6937,2.7395,2.7274,107114.32088848,293439.68207399093,427
1600214400,2020-09-16 00:00:00,EOS/USD,2.7000,2.7487,2.5794,2.7135,2.6640,126135.69280587,342269.2024287282,672
1600128000,2020-09-15 00:00:00,EOS/USD,2.7275,2.7817,2.7001,2.7057,2.7376,90031.81556705,243599.0833797672,363
1600041600,2020-09-14 00:00:00,EOS/USD,2.7308,2.7603,2.6930,2.7318,2.7432,81972.41892407,223932.25401677442,332
1599955200,2020-09-13 00:00:00,EOS/USD,2.7971,2.8221,2.6746,2.7271,2.7689,139575.26490671,380635.70492708887,539
1599868800,2020-09-12 00:00:00,EOS/USD,2.7877,2.8261,2.7477,2.8044,2.7890,100459.99212212,281730.0019072733,388
1599782400,2020-09-11 00:00:00,EOS/USD,2.7875,2.8200,2.7227,2.7865,2.7778,86423.45264159,240818.95078579057,456
1599696000,2020-09-10 00:00:00,EOS/USD,2.7851,2.8400,2.7448,2.7804,2.7801,319401.77777973,888064.7029387613,1034
1599609600,2020-09-09 00:00:00,EOS/USD,2.7597,2.8117,2.7000,2.7521,2.7680,124804.26942423,343473.8298824234,525
1599523200,2020-09-08 00:00:00,EOS/USD,2.8505,2.8569,2.6732,2.7652,2.7318,125887.41458065,348103.8787984134,638
1599436800,2020-09-07 00:00:00,EOS/USD,2.9101,2.9258,2.6721,2.8503,2.7870,271690.93648823,774400.6762724019,1013
1599350400,2020-09-06 00:00:00,EOS/USD,2.9131,3.0248,2.8147,2.9032,2.8990,259361.70233477,752978.8942183043,756
1599264000,2020-09-05 00:00:00,EOS/USD,3.0034,3.1450,2.7801,2.9341,2.9771,795800.39801085,2334957.9478036347,3244
1599177600,2020-09-04 00:00:00,EOS/USD,2.6210,3.2275,2.5854,3.0000,2.9524,670874.10408136,2012622.31224408,2996
1599091200,2020-09-03 00:00:00,EOS/USD,3.1067,3.1589,2.5004,2.6177,2.8532,543210.94177545,1421963.2822855955,2501
1599004800,2020-09-02 00:00:00,EOS/USD,3.4859,3.4933,2.9026,3.1051,3.1139,521523.84384634,1619383.6875272705,2421
1598918400,2020-09-01 00:00:00,EOS/USD,3.2153,3.5571,3.1573,3.4767,3.3883,333225.28262398,1158524.3400987913,1250
1598832000,2020-08-31 00:00:00,EOS/USD,3.2656,3.2933,3.1945,3.2074,3.2382,117961.32907215,378349.1668660139,600
1598745600,2020-08-30 00:00:00,EOS/USD,3.1293,3.2660,3.1293,3.2611,3.2121,61323.33924791,199981.5416213593,353
1598659200,2020-08-29 00:00:00,EOS/USD,3.1194,3.2000,3.0897,3.1258,3.1493,80174.55260217,250609.616523863,398
1598572800,2020-08-28 00:00:00,EOS/USD,2.9723,3.1700,2.9445,3.1190,3.0701,147676.79536795,460603.92475263606,801
1598486400,2020-08-27 00:00:00,EOS/USD,3.1266,3.1420,2.8578,2.9801,2.9991,261429.23639954,779085.2673942692,1284
1598400000,2020-08-26 00:00:00,EOS/USD,3.1116,3.1696,3.0629,3.1182,3.1221,217187.52497284,677234.1403703097,959
1598313600,2020-08-25 00:00:00,EOS/USD,3.3791,3.3791,3.0000,3.1234,3.1522,464025.85693220,1449338.3615420337,1839
1598227200,2020-08-24 00:00:00,EOS/USD,3.3220,3.4209,3.2882,3.3864,3.3794,120074.40709582,406619.97218928486,599
1598140800,2020-08-23 00:00:00,EOS/USD,3.3853,3.3853,3.2330,3.3215,3.3064,58463.83564067,194187.6300804854,349
1598054400,2020-08-22 00:00:00,EOS/USD,3.2526,3.3780,3.1259,3.3622,3.2304,295597.43636321,993857.7005403847,857
1597968000,2020-08-21 00:00:00,EOS/USD,3.4215,3.6379,3.2400,3.2539,3.4036,697196.24409771,2268606.8586695385,2020
1597881600,2020-08-20 00:00:00,EOS/USD,3.3627,3.4663,3.3539,3.4471,3.4171,349015.61526455,1203091.7273784303,1321
1597795200,2020-08-19 00:00:00,EOS/USD,3.5897,3.6141,3.2220,3.3492,3.3849,579779.71874375,1941798.2340165677,2229
1597708800,2020-08-18 00:00:00,EOS/USD,3.7905,3.8207,3.5080,3.5821,3.6758,540261.35745978,1935270.2085566777,1790
1597622400,2020-08-17 00:00:00,EOS/USD,3.8905,3.9138,3.6844,3.7780,3.8096,521375.59620193,1969757.0024508915,1877
1597536000,2020-08-16 00:00:00,EOS/USD,3.7273,3.9488,3.5002,3.8820,3.7780,812374.41144484,3153637.465228869,3022
1597449600,2020-08-15 00:00:00,EOS/USD,3.2720,3.8430,3.2720,3.7214,3.5651,793387.15876137,2952510.972614562,3240
1597363200,2020-08-14 00:00:00,EOS/USD,3.1462,3.2994,3.0936,3.2669,3.2049,312260.30107115,1020123.17756934,1199
1597276800,2020-08-13 00:00:00,EOS/USD,3.0244,3.1492,2.9247,3.1439,3.0426,119583.89194537,375959.7978870487,740
1597190400,2020-08-12 00:00:00,EOS/USD,3.0010,3.0479,2.9000,3.0244,3.0093,263019.78535870,795477.0388388523,1133
1597104000,2020-08-11 00:00:00,EOS/USD,3.2492,3.3031,2.8727,3.0071,3.0940,387208.81076710,1164375.6148577465,1652
1597017600,2020-08-10 00:00:00,EOS/USD,3.0285,3.2914,3.0026,3.2393,3.1506,396998.35051287,1285996.75681634,1582
1596931200,2020-08-09 00:00:00,EOS/USD,3.0677,3.0817,2.9356,3.0281,3.0216,135811.69496255,411251.3935160977,557
1596844800,2020-08-08 00:00:00,EOS/USD,2.9836,3.0868,2.9812,3.0677,3.0396,93984.40287764,288315.95270773617,486
1596758400,2020-08-07 00:00:00,EOS/USD,3.0873,3.2495,2.8086,3.0136,3.0327,384672.76565965,1159249.846591921,1618
1596672000,2020-08-06 00:00:00,EOS/USD,3.0599,3.1813,3.0064,3.0922,3.0946,199402.71045898,616593.061281258,833
1596585600,2020-08-05 00:00:00,EOS/USD,3.0375,3.1021,3.0024,3.0596,3.0555,95814.06308886,293152.70742667606,392
1596499200,2020-08-04 00:00:00,EOS/USD,3.0500,3.1041,2.9685,3.0410,3.0504,222207.56016220,675733.1904532502,681
1596412800,2020-08-03 00:00:00,EOS/USD,2.9200,3.1264,2.9090,3.0471,3.0481,124382.50148828,379005.920284938,795
1596326400,2020-08-02 00:00:00,EOS/USD,3.3073,3.4902,2.5700,2.9482,2.9943,897285.38978704,2645376.786170151,3028
1596240000,2020-08-01 00:00:00,EOS/USD,3.0986,3.3255,3.0854,3.3071,3.2204,300610.43635080,994148.7740557307,1256
1596153600,2020-07-31 00:00:00,EOS/USD,3.0489,3.1466,3.0158,3.0988,3.0641,199839.75551032,619263.4343753797,635
1596067200,2020-07-30 00:00:00,EOS/USD,3.0233,3.1056,2.9545,3.0600,3.0283,187577.76339581,573987.9559911786,661
1595980800,2020-07-29 00:00:00,EOS/USD,3.0042,3.1496,2.9558,3.0220,3.0611,348837.08182553,1054185.6612767514,1318
1595894400,2020-07-28 00:00:00,EOS/USD,2.8508,3.0795,2.7857,3.0144,2.9442,339073.45653557,1022103.0273808222,1328
1595808000,2020-07-27 00:00:00,EOS/USD,2.7161,2.9243,2.6445,2.8462,2.7790,394172.30872273,1121893.2250866343,1401
1595721600,2020-07-26 00:00:00,EOS/USD,2.7322,2.8089,2.6890,2.7200,2.7341,211030.57103308,574003.1532099777,682
1595635200,2020-07-25 00:00:00,EOS/USD,2.5977,3.0600,2.5933,2.7312,2.6912,316009.76492431,863085.8699612754,702
1595548800,2020-07-24 00:00:00,EOS/USD,2.6562,2.6562,2.5723,2.5931,2.6175,125971.65553960,326657.0999797368,521
1595462400,2020-07-23 00:00:00,EOS/USD,2.6653,2.6936,2.6313,2.6530,2.6627,153131.65117064,406258.2705557079,583
1595376000,2020-07-22 00:00:00,EOS/USD,2.6258,2.6699,2.5852,2.6631,2.6232,66750.63444499,177763.6145904529,313
1595289600,2020-07-21 00:00:00,EOS/USD,2.5611,2.6339,2.5611,2.6228,2.6171,76535.79855995,200738.09246303682,354
1595203200,2020-07-20 00:00:00,EOS/USD,2.5883,2.6131,2.5410,2.5629,2.5786,141703.95907857,363173.0767224671,577
1595116800,2020-07-19 00:00:00,EOS/USD,2.5054,2.6089,2.4721,2.5929,2.5548,112733.92336928,292307.7899042061,347
1595030400,2020-07-18 00:00:00,EOS/USD,2.4944,2.5192,2.4825,2.5059,2.4988,26902.11487203,67414.00965781997,140
1594944000,2020-07-17 00:00:00,EOS/USD,2.5005,2.5177,2.4754,2.4929,2.5008,52778.03783123,131570.3705094733,233
1594857600,2020-07-16 00:00:00,EOS/USD,2.5325,2.5502,2.4343,2.5057,2.4758,138041.35009622,345890.2109360985,480
1594771200,2020-07-15 00:00:00,EOS/USD,2.5602,2.5661,2.5068,2.5357,2.5296,83850.12375569,212618.75880730312,338
1594684800,2020-07-14 00:00:00,EOS/USD,2.5489,2.5741,2.5060,2.5618,2.5376,116903.62466810,299483.70567473856,453
1594598400,2020-07-13 00:00:00,EOS/USD,2.6196,2.6505,2.4605,2.5513,2.5784,347301.02449751,886069.1038004973,1266
1594512000,2020-07-12 00:00:00,EOS/USD,2.6203,2.6508,2.5705,2.6166,2.6175,124735.34982817,326382.51636038965,365
1594425600,2020-07-11 00:00:00,EOS/USD,2.6216,2.6385,2.5933,2.6208,2.6087,27405.14660044,71823.40821043315,179
1594339200,2020-07-10 00:00:00,EOS/USD,2.6505,2.6505,2.5765,2.6268,2.6116,64838.02482771,170316.5236174286,289
1594252800,2020-07-09 00:00:00,EOS/USD,2.6783,2.7314,2.5822,2.6510,2.6594,236588.98781984,627197.4067103958,919
1594166400,2020-07-08 00:00:00,EOS/USD,2.5602,2.7000,2.5411,2.6793,2.6484,247471.59980218,663050.6573499809,935
1594080000,2020-07-07 00:00:00,EOS/USD,2.6118,2.6228,2.5260,2.5569,2.5574,86288.83657856,220631.92624772008,404
1593993600,2020-07-06 00:00:00,EOS/USD,2.4109,2.6306,2.4069,2.6100,2.5466,169293.32282956,441855.5725851516,708
1593907200,2020-07-05 00:00:00,EOS/USD,2.4601,2.4636,2.3151,2.4067,2.4193,89712.78128085,215911.7507086217,370
1593820800,2020-07-04 00:00:00,EOS/USD,2.4169,2.4921,2.4141,2.4523,2.4638,85704.22384322,210172.4681307284,393
1593734400,2020-07-03 00:00:00,EOS/USD,2.3591,2.4525,2.3538,2.4180,2.4163,51535.92088800,124613.85670718401,291
1593648000,2020-07-02 00:00:00,EOS/USD,2.3784,2.3865,2.3085,2.3584,2.3416,65072.77105154,153467.62324795194,256
1593561600,2020-07-01 00:00:00,EOS/USD,2.3685,2.4009,2.3555,2.3830,2.3853,74487.69859070,177504.18574163812,251
1593475200,2020-06-30 00:00:00,EOS/USD,2.3776,2.3841,2.3476,2.3738,2.3641,31330.16733890,74371.55122908083,179
1593388800,2020-06-29 00:00:00,EOS/USD,2.3657,2.4119,2.3300,2.3832,2.3559,66129.31790802,157599.39043839328,338
1593302400,2020-06-28 00:00:00,EOS/USD,2.3291,2.3970,2.2990,2.3605,2.3509,26727.52262128,63090.317147531445,171
1593216000,2020-06-27 00:00:00,EOS/USD,2.4777,2.4800,2.1762,2.3293,2.3217,127888.21283464,297890.01415572694,610
1593129600,2020-06-26 00:00:00,EOS/USD,2.4778,2.5111,2.3909,2.4800,2.4361,62043.96586817,153869.0353530616,268
1593043200,2020-06-25 00:00:00,EOS/USD,2.5006,2.5210,2.4361,2.4784,2.4807,52979.19568147,131303.63857695527,291
1592956800,2020-06-24 00:00:00,EOS/USD,2.5703,2.5965,2.4570,2.4991,2.5034,123875.58149869,309577.46572337614,512
1592870400,2020-06-23 00:00:00,EOS/USD,2.5858,2.5931,2.5590,2.5692,2.5717,30786.54460072,79096.79038816983,193
1592784000,2020-06-22 00:00:00,EOS/USD,2.5100,2.6039,2.5100,2.5840,2.5713,79329.89010102,204988.4360210357,331
1592697600,2020-06-21 00:00:00,EOS/USD,2.5357,2.5491,2.5088,2.5090,2.5224,20049.48097338,50304.147762210414,121
1592611200,2020-06-20 00:00:00,EOS/USD,2.5213,2.5562,2.4503,2.5317,2.4895,99730.95411203,252488.85652542632,352
1592524800,2020-06-19 00:00:00,EOS/USD,2.5337,2.5457,2.5022,2.5153,2.5234,54421.14891900,136885.5158759607,239
1592438400,2020-06-18 00:00:00,EOS/USD,2.5664,2.5664,2.4985,2.5400,2.5343,65440.51424152,166218.9061734608,231
1592352000,2020-06-17 00:00:00,EOS/USD,2.5537,2.6008,2.5169,2.5648,2.5508,62079.36104839,159221.14521691066,313
1592265600,2020-06-16 00:00:00,EOS/USD,2.5261,2.5618,2.5235,2.5533,2.5478,40286.30715651,102863.028062717,254
1592179200,2020-06-15 00:00:00,EOS/USD,2.5589,2.5649,2.4223,2.5362,2.4912,75458.85809452,191378.7558993216,448
1592092800,2020-06-14 00:00:00,EOS/USD,2.5985,2.6036,2.5269,2.5631,2.5639,46537.67897728,119280.72498666636,244
1592006400,2020-06-13 00:00:00,EOS/USD,2.5893,2.6158,2.5534,2.6056,2.5800,39686.63928107,103407.50731075599,191
1591920000,2020-06-12 00:00:00,EOS/USD,2.5133,2.6215,2.4822,2.5889,2.5502,40234.54065305,104163.20229668115,327
1591833600,2020-06-11 00:00:00,EOS/USD,2.7596,2.7729,2.4359,2.5138,2.5702,213720.53255982,537250.6747488755,851
1591747200,2020-06-10 00:00:00,EOS/USD,2.7585,2.7814,2.7291,2.7626,2.7488,105491.76720611,291431.5560835995,361
1591660800,2020-06-09 00:00:00,EOS/USD,2.7930,2.8049,2.6583,2.7667,2.7442,114122.57228212,315742.9207329414,472
1591574400,2020-06-08 00:00:00,EOS/USD,2.8199,2.8199,2.7529,2.7861,2.7876,46512.48712413,129588.44037653858,270
1591488000,2020-06-07 00:00:00,EOS/USD,2.7915,2.8268,2.7355,2.7995,2.7776,56852.35362223,159158.1639654329,257
1591401600,2020-06-06 00:00:00,EOS/USD,2.8125,2.8363,2.7744,2.8005,2.8143,73200.61217800,204998.31440448898,259
1591315200,2020-06-05 00:00:00,EOS/USD,2.7199,2.8674,2.7112,2.8203,2.8043,100584.51741031,283678.5144522973,518
1591228800,2020-06-04 00:00:00,EOS/USD,2.6980,2.7449,2.6635,2.7233,2.7084,79356.54808630,216111.6874034208,366
1591142400,2020-06-03 00:00:00,EOS/USD,2.6707,2.7028,2.6346,2.6962,2.6759,138921.51885212,374560.199129086,500
1591056000,2020-06-02 00:00:00,EOS/USD,2.8241,2.8944,2.5876,2.6740,2.7361,367306.23834137,982176.8813248234,1186
1590969600,2020-06-01 00:00:00,EOS/USD,2.6708,2.8386,2.6645,2.8227,2.7486,153033.83334995,431968.6013969039,683
1590883200,2020-05-31 00:00:00,EOS/USD,2.7570,2.7627,2.6568,2.6719,2.7081,106884.06145178,285583.523793011,345
1590796800,2020-05-30 00:00:00,EOS/USD,2.6151,2.7821,2.5991,2.7713,2.6926,182465.45826762,505666.52449705533,546
1590710400,2020-05-29 00:00:00,EOS/USD,2.6146,2.6637,2.5911,2.6151,2.6311,55805.28808584,145936.4088732802,273
1590624000,2020-05-28 00:00:00,EOS/USD,2.5708,2.6200,2.5209,2.6073,2.5717,36474.21915484,95099.23160241434,226
1590537600,2020-05-27 00:00:00,EOS/USD,2.5039,2.5760,2.5039,2.5637,2.5389,42120.42586300,107984.13578497308,208
1590451200,2020-05-26 00:00:00,EOS/USD,2.5352,2.5352,2.4604,2.5001,2.5087,50576.01678877,126445.09957360389,228
1590364800,2020-05-25 00:00:00,EOS/USD,2.4774,2.5434,2.4505,2.5259,2.5179,59571.28464888,150471.107894606,229
1590278400,2020-05-24 00:00:00,EOS/USD,2.5756,2.6007,2.4926,2.5096,2.5540,45757.76673483,114833.69139772936,259
1590192000,2020-05-23 00:00:00,EOS/USD,2.5949,2.6157,2.5505,2.5645,2.5768,21076.79842189,54051.449552936894,176
1590105600,2020-05-22 00:00:00,EOS/USD,2.4568,2.6373,2.4447,2.5875,2.5194,80338.16930804,207875.0130845535,360
1590019200,2020-05-21 00:00:00,EOS/USD,2.6124,2.6135,2.3966,2.4583,2.4977,126136.13729553,310080.4663136014,651
1589932800,2020-05-20 00:00:00,EOS/USD,2.6558,2.6715,2.5243,2.5920,2.5895,106396.90245649,275780.7711672221,416
1589846400,2020-05-19 00:00:00,EOS/USD,2.6641,2.6641,2.6641,2.6641,0.0000,0.00000000,0.0,0
1589760000,2020-05-18 00:00:00,EOS/USD,2.6227,2.7399,2.6076,2.6641,2.6793,116875.65334613,311368.4280794249,417
1589673600,2020-05-17 00:00:00,EOS/USD,2.6440,2.6718,2.6000,2.6181,2.6442,80218.64608136,210020.43730560862,252
1589587200,2020-05-16 00:00:00,EOS/USD,2.5814,2.6803,2.5719,2.6476,2.6288,98433.46821690,260612.45045106445,289
1589500800,2020-05-15 00:00:00,EOS/USD,2.6280,2.6580,2.5358,2.5799,2.6023,127741.57349457,329560.48545864114,550
1589414400,2020-05-14 00:00:00,EOS/USD,2.5258,2.6575,2.4769,2.6236,2.5760,151025.95768602,396231.7025850421,545
1589328000,2020-05-13 00:00:00,EOS/USD,2.4553,2.5555,2.4369,2.5272,2.5114,71456.37466983,180584.55006559438,298
1589241600,2020-05-12 00:00:00,EOS/USD,2.4224,2.4635,2.4037,2.4450,2.4387,33105.51547213,80942.98532935783,219
1589155200,2020-05-11 00:00:00,EOS/USD,2.4724,2.4929,2.2800,2.4177,2.3908,157767.04894493,381433.3942341572,672
1589068800,2020-05-10 00:00:00,EOS/USD,2.7421,2.7421,2.2950,2.4330,2.4443,236242.62192129,574778.2991344986,1256
1588982400,2020-05-09 00:00:00,EOS/USD,2.7440,2.8364,2.7405,2.7561,2.7918,64978.16253102,179086.31375174422,321
1588896000,2020-05-08 00:00:00,EOS/USD,2.7734,2.8125,2.7088,2.7550,2.7711,49451.80100148,136239.7117590774,318
1588809600,2020-05-07 00:00:00,EOS/USD,2.6516,2.7958,2.5977,2.7693,2.7132,134134.99653562,371460.0459060925,573
1588723200,2020-05-06 00:00:00,EOS/USD,2.7675,2.8237,2.6186,2.6660,2.7297,35261.73252961,94007.77892394026,242
1588636800,2020-05-05 00:00:00,EOS/USD,2.7750,2.8206,2.7210,2.7665,2.7771,42778.24789725,118346.02280774213,210
1588550400,2020-05-04 00:00:00,EOS/USD,2.8415,2.8415,2.6366,2.7782,2.7387,106740.65242322,296546.8805621898,516
1588464000,2020-05-03 00:00:00,EOS/USD,2.9478,3.0069,2.7800,2.8453,2.9213,72434.90528250,206099.03600029723,334
1588377600,2020-05-02 00:00:00,EOS/USD,2.8630,2.9451,2.8610,2.9312,2.8940,38047.90569132,111526.02116239717,184
1588291200,2020-05-01 00:00:00,EOS/USD,2.8287,2.9232,2.8216,2.8735,2.8759,84471.78252790,242729.66709392064,368
1588204800,2020-04-30 00:00:00,EOS/USD,3.0019,3.1200,2.7521,2.8239,2.9348,427413.09828743,1206971.8482538736,1130
1588118400,2020-04-29 00:00:00,EOS/USD,2.7691,3.0863,2.7669,3.0008,2.8978,393293.21546113,1180194.2809557589,1296
1588032000,2020-04-28 00:00:00,EOS/USD,2.7448,2.7801,2.6904,2.7742,2.7299,85174.74320675,236291.77260416586,257
1587945600,2020-04-27 00:00:00,EOS/USD,2.7456,2.8100,2.6835,2.7428,2.7496,179794.01736939,493139.0308407629,444
1587859200,2020-04-26 00:00:00,EOS/USD,2.7043,2.7788,2.6821,2.7418,2.7258,116029.88696068,318130.74406879244,288
1587772800,2020-04-25 00:00:00,EOS/USD,2.7019,2.8039,2.6678,2.6987,2.7118,150795.53002533,406951.89687935804,445
1587686400,2020-04-24 00:00:00,EOS/USD,2.6920,2.7388,2.6710,2.7007,2.7093,57460.30571844,155183.0476537909,254
1587600000,2020-04-23 00:00:00,EOS/USD,2.6309,2.7700,2.5853,2.6650,2.6867,152537.25735150,406511.79084174754,611
1587513600,2020-04-22 00:00:00,EOS/USD,2.5200,2.6564,2.5179,2.6216,2.6018,83680.48169903,219376.75082217704,356
1587427200,2020-04-21 00:00:00,EOS/USD,2.5203,2.5717,2.4877,2.5458,2.5370,64400.07802253,163949.71862975686,214
1587340800,2020-04-20 00:00:00,EOS/USD,2.6124,2.7102,2.4359,2.5145,2.5617,212768.82571472,535007.2122596635,680
1587254400,2020-04-19 00:00:00,EOS/USD,2.7308,2.7308,2.5361,2.6041,2.6287,155573.73876491,405129.5731177021,432
1587168000,2020-04-18 00:00:00,EOS/USD,2.6280,2.7659,2.6190,2.7240,2.7036,106422.71227065,289895.4682252506,323
1587081600,2020-04-17 00:00:00,EOS/USD,2.6679,2.6721,2.5858,2.6196,2.6251,131881.82041234,345477.61675216584,340
1586995200,2020-04-16 00:00:00,EOS/USD,2.4000,2.7238,2.3500,2.6504,2.6009,245360.49274361,650303.4499676639,737
1586908800,2020-04-15 00:00:00,EOS/USD,2.4500,2.5034,2.3944,2.4027,2.4495,93159.28846010,223833.82238308224,439
1586822400,2020-04-14 00:00:00,EOS/USD,2.4591,2.5092,2.4200,2.4751,2.4653,35555.06016976,88002.32942617298,222
1586736000,2020-04-13 00:00:00,EOS/USD,2.5000,2.5000,2.3385,2.4588,2.4228,152558.60692111,375111.1026976253,557
1586649600,2020-04-12 00:00:00,EOS/USD,2.5164,2.5955,2.4679,2.5038,2.5537,29074.12731878,72795.79998076137,243
1586563200,2020-04-11 00:00:00,EOS/USD,2.5035,2.5450,2.4431,2.4950,2.5029,23408.74375881,58404.81567823095,195
1586476800,2020-04-10 00:00:00,EOS/USD,2.7451,2.7451,2.4244,2.4887,2.5371,41049.79509379,102160.62504991518,304
1586390400,2020-04-09 00:00:00,EOS/USD,2.7414,2.7628,2.6836,2.7517,2.7141,86768.81752853,238761.755193256,297
1586304000,2020-04-08 00:00:00,EOS/USD,2.6165,2.7868,2.5849,2.7491,2.6956,76533.61307119,210398.55569400842,355
1586217600,2020-04-07 00:00:00,EOS/USD,2.7736,2.8207,2.5400,2.6190,2.7034,138269.52024765,362127.87352859543,624
1586131200,2020-04-06 00:00:00,EOS/USD,2.3589,2.7800,2.3589,2.7586,2.6164,211836.03554334,584370.8876498577,635
1586044800,2020-04-05 00:00:00,EOS/USD,2.3691,2.3875,2.3290,2.3600,2.3560,36652.10087746,86498.95807080559,131
1585958400,2020-04-04 00:00:00,EOS/USD,2.3317,2.4015,2.2857,2.3542,2.3379,67619.27336221,159189.2933493148,215
1585872000,2020-04-03 00:00:00,EOS/USD,2.2823,2.3830,2.2785,2.3330,2.3200,79201.44050907,184776.96070766033,311
1585785600,2020-04-02 00:00:00,EOS/USD,2.2897,2.5017,2.2464,2.2832,2.3616,182264.09230100,416145.3755416432,566
1585699200,2020-04-01 00:00:00,EOS/USD,2.2200,2.2960,2.1360,2.2603,2.2239,66662.78205464,150677.8862781028,230
1585612800,2020-03-31 00:00:00,EOS/USD,2.2407,2.2538,2.1924,2.2175,2.2276,37427.55775197,82995.60931499347,166
1585526400,2020-03-30 00:00:00,EOS/USD,2.1115,2.2716,2.1115,2.2340,2.2148,49642.57587142,110901.51449675228,207
1585440000,2020-03-29 00:00:00,EOS/USD,2.2073,2.2073,2.0910,2.1210,2.1335,89361.86750049,189536.5209685393,283
1585353600,2020-03-28 00:00:00,EOS/USD,2.1860,2.2377,2.0943,2.2064,2.1620,92602.13254497,204317.3452472218,425
1585267200,2020-03-27 00:00:00,EOS/USD,2.3478,2.3700,2.1521,2.2009,2.2899,143739.80267689,316356.93171156716,417
1585180800,2020-03-26 00:00:00,EOS/USD,2.3343,2.3343,2.2691,2.3336,2.3053,46048.99862314,107459.94318695951,164
1585094400,2020-03-25 00:00:00,EOS/USD,2.3500,2.3783,2.2400,2.2900,2.3163,47915.02744583,109725.4128509507,402
1585008000,2020-03-24 00:00:00,EOS/USD,2.3000,2.3827,2.2923,2.3546,2.3286,61475.47735277,144750.15897483224,421
1584921600,2020-03-23 00:00:00,EOS/USD,2.1133,2.3278,2.0708,2.2753,2.1756,139585.45362060,317598.7826229512,453
1584835200,2020-03-22 00:00:00,EOS/USD,2.2539,2.3880,2.1103,2.1413,2.1954,73390.69549553,157151.4962645784,510
1584748800,2020-03-21 00:00:00,EOS/USD,2.1996,2.3468,2.1119,2.2739,2.2056,58645.01813529,133352.90673783593,433
1584662400,2020-03-20 00:00:00,EOS/USD,2.3272,2.5153,1.9191,2.2030,2.2666,267350.97330152,588974.1941832484,1045
1584576000,2020-03-19 00:00:00,EOS/USD,2.0147,2.4032,1.9824,2.2842,2.1848,246445.92004803,562931.7705737101,940
1584489600,2020-03-18 00:00:00,EOS/USD,1.9779,2.0066,1.8834,2.0064,1.9377,92126.31569000,184842.23980041602,376
1584403200,2020-03-17 00:00:00,EOS/USD,1.8862,2.0350,1.8816,1.9816,1.9828,81061.24468918,160630.9624760791,377
1584316800,2020-03-16 00:00:00,EOS/USD,2.0154,2.0410,1.7115,1.8840,1.8512,468693.37449617,883018.3175507843,1578
1584230400,2020-03-15 00:00:00,EOS/USD,1.9544,2.1500,1.9468,2.0485,2.0019,224673.24950088,460243.1516025527,711
1584144000,2020-03-14 00:00:00,EOS/USD,2.1179,2.1366,1.9296,1.9494,2.0309,228498.02002763,445434.04024186195,943
1584057600,2020-03-13 00:00:00,EOS/USD,1.7798,2.2372,1.4307,2.1023,1.8663,1951174.18665216,4101953.4925988363,7839
1583971200,2020-03-12 00:00:00,EOS/USD,3.0738,3.0738,1.7001,1.7749,2.2306,1301311.56798778,2309697.902021511,5703
1583884800,2020-03-11 00:00:00,EOS/USD,3.0692,3.1115,2.8442,3.0723,2.9685,261959.47679749,804818.1005649285,593
1583798400,2020-03-10 00:00:00,EOS/USD,3.0593,3.1674,3.0207,3.0800,3.1071,115365.12846210,355324.595663268,355
1583712000,2020-03-09 00:00:00,EOS/USD,3.0588,3.1626,2.8530,3.0707,3.0435,347995.88091031,1068590.951511289,1097
1583625600,2020-03-08 00:00:00,EOS/USD,3.6258,3.6258,3.0000,3.0342,3.2260,264918.05981592,803814.3770934645,1243
1583539200,2020-03-07 00:00:00,EOS/USD,3.8480,3.8543,3.6247,3.6397,3.7487,65256.37438037,237513.62583223268,292
1583452800,2020-03-06 00:00:00,EOS/USD,3.7652,3.8669,3.7206,3.8427,3.7739,116560.08327563,447905.4320032633,355
1583366400,2020-03-05 00:00:00,EOS/USD,3.6352,3.8417,3.6218,3.7413,3.7266,130317.06401612,487555.23160350975,698
1583280000,2020-03-04 00:00:00,EOS/USD,3.6106,3.6621,3.5225,3.5854,3.5891,105145.30317046,376987.9699873673,438
1583193600,2020-03-03 00:00:00,EOS/USD,3.6819,3.7121,3.5568,3.6293,3.6158,128989.19746413,468140.49435656704,391
1583107200,2020-03-02 00:00:00,EOS/USD,3.5017,3.7574,3.4858,3.7136,3.6512,137606.49378231,511015.4753099864,467
1583020800,2020-03-01 00:00:00,EOS/USD,3.5300,3.6275,3.4200,3.4968,3.5029,113049.89648444,395312.8780267898,396
1582934400,2020-02-29 00:00:00,EOS/USD,3.5495,3.6574,3.5051,3.5100,3.5621,60057.05833717,210800.27476346667,271
1582848000,2020-02-28 00:00:00,EOS/USD,3.6145,3.6761,3.3500,3.5198,3.4862,282821.24311911,995474.2115306434,870
1582761600,2020-02-27 00:00:00,EOS/USD,3.5155,3.7314,3.3670,3.6083,3.5708,358282.16329269,1292789.5298090132,1000
1582675200,2020-02-26 00:00:00,EOS/USD,4.0599,4.1025,3.3153,3.5378,3.7205,655900.11835026,2320443.4386995495,2118
1582588800,2020-02-25 00:00:00,EOS/USD,4.1261,4.2321,3.9188,4.0564,4.0671,219833.82041336,891733.9091247534,757
1582502400,2020-02-24 00:00:00,EOS/USD,4.3888,4.4089,3.9027,4.1261,4.1329,165925.24587669,684624.1570118106,875
1582416000,2020-02-23 00:00:00,EOS/USD,4.1161,4.4095,4.1019,4.4095,4.3218,131406.80634630,579438.31258401,547
1582329600,2020-02-22 00:00:00,EOS/USD,4.0529,4.1500,3.9727,4.0976,4.0737,72895.21094116,298695.4163524972,262
1582243200,2020-02-21 00:00:00,EOS/USD,3.9998,4.1842,3.9499,4.0564,4.0948,63216.53119692,256431.5371471863,416
1582156800,2020-02-20 00:00:00,EOS/USD,3.9688,4.0688,3.8047,4.0012,3.9852,228745.77455178,915257.593136582,1079
1582070400,2020-02-19 00:00:00,EOS/USD,4.5900,4.6038,3.6693,3.9747,4.0088,425672.80581036,1691921.701254438,2252
1581984000,2020-02-18 00:00:00,EOS/USD,4.3391,4.6641,4.2576,4.5901,4.4860,140535.48013718,645071.9073776699,927
1581897600,2020-02-17 00:00:00,EOS/USD,4.3775,4.4112,4.0460,4.3496,4.2341,244389.48018015,1062996.4829915804,885
1581811200,2020-02-16 00:00:00,EOS/USD,4.7377,4.8592,4.0239,4.3773,4.3537,333205.30088222,1458539.5635517414,1384
1581724800,2020-02-15 00:00:00,EOS/USD,5.3900,5.3904,3.7100,4.7145,4.9067,505759.90674326,2384405.0803410993,2188
1581638400,2020-02-14 00:00:00,EOS/USD,5.3626,5.4500,5.2324,5.3821,5.3498,97118.06796142,522699.1535751586,596
1581552000,2020-02-13 00:00:00,EOS/USD,5.3644,5.5001,5.1585,5.3500,5.3182,188660.59631182,1009334.1902682369,920
1581465600,2020-02-12 00:00:00,EOS/USD,5.2638,5.4649,5.2623,5.3541,5.3504,145165.75978432,777231.9944612277,953
1581379200,2020-02-11 00:00:00,EOS/USD,4.8964,5.3111,4.7719,5.2635,5.0989,165848.18081505,872941.8997200156,1056
1581292800,2020-02-10 00:00:00,EOS/USD,5.0128,5.0398,4.7396,4.9199,4.8487,121382.02498640,597187.4247305894,854
1581206400,2020-02-09 00:00:00,EOS/USD,4.7719,5.0426,4.7719,4.9973,4.9494,182662.29885946,912818.3060903794,634
1581120000,2020-02-08 00:00:00,EOS/USD,4.5872,4.8387,4.4310,4.7824,4.7092,169656.36079325,811364.5798576388,655
1581033600,2020-02-07 00:00:00,EOS/USD,4.5910,4.6860,4.5207,4.5826,4.5881,80671.84382016,369686.7914902652,487
1580947200,2020-02-06 00:00:00,EOS/USD,4.5362,4.6571,4.4085,4.5866,4.5139,177591.67320703,814541.9683313638,701
1580860800,2020-02-05 00:00:00,EOS/USD,4.2201,4.5884,4.1710,4.5226,4.3975,227554.13089023,1029136.3123641541,958
1580774400,2020-02-04 00:00:00,EOS/USD,4.2346,4.2500,4.0361,4.2116,4.1188,221726.38595439,933822.8470855089,736
1580688000,2020-02-03 00:00:00,EOS/USD,4.1900,4.3709,4.1364,4.1914,4.2409,163570.06021159,685587.5503708583,690
1580601600,2020-02-02 00:00:00,EOS/USD,4.1256,4.3259,4.0442,4.2133,4.2350,136053.70554196,573235.07755994,535
1580515200,2020-02-01 00:00:00,EOS/USD,4.1426,4.2479,4.0706,4.1458,4.1525,101346.54731816,420162.5158716277,588
1580428800,2020-01-31 00:00:00,EOS/USD,4.2921,4.3400,4.0263,4.1415,4.1600,205610.17765227,851534.5507468762,800
1580342400,2020-01-30 00:00:00,EOS/USD,3.9500,4.3900,3.8766,4.3280,4.1910,370560.54219107,1603786.0266029509,1202
1580256000,2020-01-29 00:00:00,EOS/USD,4.0595,4.1165,3.9500,3.9500,4.0407,182276.70424655,719992.9817738726,622
1580169600,2020-01-28 00:00:00,EOS/USD,3.9746,4.1211,3.8790,4.0507,4.0081,355555.47536345,1440248.5640547269,1019
1580083200,2020-01-27 00:00:00,EOS/USD,3.6471,4.0436,3.6448,3.9500,3.8689,355642.65880682,1404788.502286939,1256
1579996800,2020-01-26 00:00:00,EOS/USD,3.4846,3.6637,3.4300,3.6294,3.5624,174294.71327337,632585.232354369,530
1579910400,2020-01-25 00:00:00,EOS/USD,3.6146,3.6191,3.4902,3.4902,3.5583,77619.07599741,270906.09904616035,332
1579824000,2020-01-24 00:00:00,EOS/USD,3.5644,3.6982,3.3544,3.6237,3.4896,229241.69674598,830703.1364984077,611
1579737600,2020-01-23 00:00:00,EOS/USD,3.6453,3.6453,3.4840,3.5675,3.5393,186474.89734689,665249.1962850301,612
1579651200,2020-01-22 00:00:00,EOS/USD,3.6559,3.7400,3.5877,3.6483,3.6623,126229.19653250,460521.97770951974,414
1579564800,2020-01-21 00:00:00,EOS/USD,3.6026,3.6835,3.5500,3.6542,3.6239,115232.92369767,421084.14977602573,434
1579478400,2020-01-20 00:00:00,EOS/USD,3.6081,3.6936,3.4866,3.5998,3.6110,179036.63421666,644496.0758531326,534
1579392000,2020-01-19 00:00:00,EOS/USD,3.7877,3.9243,3.4294,3.6080,3.6516,489934.43571730,1767683.4440680183,1196
1579305600,2020-01-18 00:00:00,EOS/USD,3.8843,3.9979,3.7082,3.8007,3.8455,340849.02439287,1295464.887009981,1144
1579219200,2020-01-17 00:00:00,EOS/USD,3.8368,4.0616,3.7394,3.8955,3.9139,763815.84669594,2975444.6308040344,2071
1579132800,2020-01-16 00:00:00,EOS/USD,3.7765,3.9435,3.5326,3.8329,3.7322,427553.84333267,1638771.1261097908,1348
1579046400,2020-01-15 00:00:00,EOS/USD,3.7889,3.9360,3.5807,3.7622,3.7537,372094.21625684,1399892.8604014833,1578
1578960000,2020-01-14 00:00:00,EOS/USD,3.1395,4.0420,3.1395,3.8227,3.6486,637576.48210665,2437263.618149091,3156
1578873600,2020-01-13 00:00:00,EOS/USD,3.2022,3.2022,3.0683,3.1105,3.1093,52678.69691282,163857.08674732663,363
1578787200,2020-01-12 00:00:00,EOS/USD,2.9804,3.2141,2.9412,3.1837,3.0971,61508.96280082,195826.08486897065,406
1578700800,2020-01-11 00:00:00,EOS/USD,2.9764,3.1299,2.9393,2.9817,3.0350,166223.89075710,495629.77507044503,519
1578614400,2020-01-10 00:00:00,EOS/USD,2.7511,3.0000,2.6500,2.9845,2.8547,227252.76049282,678235.8636908213,788
1578528000,2020-01-09 00:00:00,EOS/USD,2.7554,2.7956,2.6914,2.7300,2.7338,63654.90622083,173777.8939828659,365
1578441600,2020-01-08 00:00:00,EOS/USD,2.8465,2.9667,2.7106,2.7829,2.8440,244433.93153580,680235.1880709778,778
1578355200,2020-01-07 00:00:00,EOS/USD,2.8650,2.8965,2.7560,2.8466,2.8394,172911.88800827,492210.9804043414,668
1578268800,2020-01-06 00:00:00,EOS/USD,2.6810,2.8580,2.6795,2.8523,2.7879,104161.90466455,297101.000674696,375
1578182400,2020-01-05 00:00:00,EOS/USD,2.6534,2.7687,2.6534,2.6777,2.7037,78754.90038907,210881.99677181276,382
1578096000,2020-01-04 00:00:00,EOS/USD,2.6431,2.6563,2.6123,2.6407,2.6317,44113.18138301,116489.6780781145,204
1578009600,2020-01-03 00:00:00,EOS/USD,2.4423,2.6564,2.4275,2.6325,2.5568,40700.48452124,107144.0255021643,258
1577923200,2020-01-02 00:00:00,EOS/USD,2.5907,2.5934,2.4144,2.4490,2.5091,34154.00414168,83643.15614297432,239
1577836800,2020-01-01 00:00:00,EOS/USD,2.5716,2.6200,2.5669,2.5788,2.5873,37235.35276825,96022.5277187631,157
1577750400,2019-12-31 00:00:00,EOS/USD,2.6096,2.6380,2.5534,2.5732,2.5964,58107.26505560,149521.61444106992,284
1577664000,2019-12-30 00:00:00,EOS/USD,2.6712,2.7134,2.5947,2.6183,2.6536,37484.30479516,98145.15524516744,215
1577577600,2019-12-29 00:00:00,EOS/USD,2.6117,2.7081,2.6116,2.6906,2.6657,48007.42183140,129168.76917956484,141
1577491200,2019-12-28 00:00:00,EOS/USD,2.6098,2.6557,2.5987,2.6285,2.6311,22848.89752834,60058.327153241684,142
1577404800,2019-12-27 00:00:00,EOS/USD,2.5140,2.5766,2.5000,2.5694,2.5394,102381.10597047,263058.0136805256,290
1577318400,2019-12-26 00:00:00,EOS/USD,2.4703,2.6304,2.4609,2.5144,2.5373,74224.96076108,186631.24133765957,260
1577232000,2019-12-25 00:00:00,EOS/USD,2.5417,2.5417,2.4453,2.4771,2.4883,21139.60759980,52364.921985464585,146
1577145600,2019-12-24 00:00:00,EOS/USD,2.5128,2.5601,2.4805,2.5562,2.5286,24795.24179542,63381.5970774526,130
1577059200,2019-12-23 00:00:00,EOS/USD,2.5437,2.5984,2.4829,2.5075,2.5155,53881.73910154,135108.46079711153,240
1576972800,2019-12-22 00:00:00,EOS/USD,2.4385,2.5425,2.4385,2.5328,2.4647,29245.69875889,74073.5058165166,118
1576886400,2019-12-21 00:00:00,EOS/USD,2.4800,2.4810,2.4332,2.4391,2.4522,12293.92222149,29986.105690436256,89
1576800000,2019-12-20 00:00:00,EOS/USD,2.4521,2.5402,2.4253,2.4831,2.4855,18635.82052658,46274.605949550794,198
1576713600,2019-12-19 00:00:00,EOS/USD,2.4668,2.4936,2.4016,2.4467,2.4395,33720.73331144,82504.51819310024,267
1576627200,2019-12-18 00:00:00,EOS/USD,2.1897,2.5200,2.1612,2.4636,2.2977,179807.74959524,442974.3719028332,665
1576540800,2019-12-17 00:00:00,EOS/USD,2.3643,2.3643,2.1503,2.1905,2.2506,133674.92472841,292814.92261758214,633
1576454400,2019-12-16 00:00:00,EOS/USD,2.5516,2.5543,2.2678,2.3643,2.3776,230699.73010995,545443.3718989549,867
1576368000,2019-12-15 00:00:00,EOS/USD,2.5651,2.5885,2.5356,2.5602,2.5642,41720.45742782,106812.71510670477,181
1576281600,2019-12-14 00:00:00,EOS/USD,2.6246,2.6256,2.5476,2.5655,2.5756,15337.30654312,39347.85993637436,86
1576195200,2019-12-13 00:00:00,EOS/USD,2.5844,2.6373,2.5700,2.6129,2.5939,9520.91099827,24877.18834737968,152
1576108800,2019-12-12 00:00:00,EOS/USD,2.5759,2.6123,2.5156,2.5821,2.5564,43463.52828475,112227.17638405297,409
1576022400,2019-12-11 00:00:00,EOS/USD,2.6079,2.6150,2.5473,2.5740,2.5849,33620.23528030,86538.4856114922,231
1575936000,2019-12-10 00:00:00,EOS/USD,2.6508,2.6619,2.5722,2.6059,2.6156,88384.97880052,230322.41625627506,303
1575849600,2019-12-09 00:00:00,EOS/USD,2.7434,2.7461,2.6173,2.6555,2.6949,22563.66921279,59917.823594563844,227
1575763200,2019-12-08 00:00:00,EOS/USD,2.7181,2.7787,2.6931,2.7457,2.7389,70621.96862773,193906.73926115828,152
1575676800,2019-12-07 00:00:00,EOS/USD,2.7323,2.7579,2.7100,2.7254,2.7338,32533.89541864,88667.87857396145,111
1575590400,2019-12-06 00:00:00,EOS/USD,2.6698,2.7388,2.6663,2.7300,2.6909,28233.26761870,77076.820599051,169
1575504000,2019-12-05 00:00:00,EOS/USD,2.6379,2.7008,2.6312,2.6826,2.6642,25427.76604543,68212.52519347052,220
1575417600,2019-12-04 00:00:00,EOS/USD,2.6806,2.7749,2.5418,2.6248,2.6372,234482.83534370,615470.5462101437,757
1575331200,2019-12-03 00:00:00,EOS/USD,2.6744,2.7343,2.6462,2.6975,2.6833,94902.84691916,256000.42956443407,366
1575244800,2019-12-02 00:00:00,EOS/USD,2.7808,2.7858,2.6455,2.6926,2.7230,83217.67539896,224071.9127792397,277
1575158400,2019-12-01 00:00:00,EOS/USD,2.7366,2.8500,2.6659,2.8022,2.7244,117695.97838987,329807.6706440937,438
1575072000,2019-11-30 00:00:00,EOS/USD,2.7973,2.8200,2.7162,2.7581,2.7492,38630.43900482,106546.61381919406,235
1574985600,2019-11-29 00:00:00,EOS/USD,2.6268,2.8285,2.6268,2.7892,2.7308,74813.16397527,208668.8769598231,253
1574899200,2019-11-28 00:00:00,EOS/USD,2.6886,2.6942,2.6063,2.6309,2.6576,31109.85620019,81846.92067707986,195
1574812800,2019-11-27 00:00:00,EOS/USD,2.6095,2.7499,2.4904,2.6810,2.6060,158700.36760252,425475.68554235616,727
1574726400,2019-11-26 00:00:00,EOS/USD,2.5214,2.6324,2.5214,2.6220,2.5855,57128.73561248,149791.54477592255,190
1574640000,2019-11-25 00:00:00,EOS/USD,2.4183,2.6137,2.3363,2.5215,2.4354,161172.86708010,406397.3843424721,731
1574553600,2019-11-24 00:00:00,EOS/USD,2.6573,2.6764,2.3592,2.4189,2.5308,92356.52453956,223401.19720874168,541
1574467200,2019-11-23 00:00:00,EOS/USD,2.6085,2.7010,2.5752,2.6847,2.6521,22400.00804980,60137.301611298055,164
1574380800,2019-11-22 00:00:00,EOS/USD,2.8174,2.8399,2.4539,2.6216,2.6225,234084.27188086,613675.3271628625,1255
1574294400,2019-11-21 00:00:00,EOS/USD,3.0649,3.1142,2.7343,2.8072,2.8307,169131.85664145,474786.9479638784,1105
1574208000,2019-11-20 00:00:00,EOS/USD,3.1120,3.1406,3.0492,3.0783,3.0935,43828.87659145,134918.43081146054,266
1574121600,2019-11-19 00:00:00,EOS/USD,3.1705,3.1803,3.0234,3.1114,3.1109,81485.20282582,253533.06007225637,447
1574035200,2019-11-18 00:00:00,EOS/USD,3.3850,3.3954,3.0183,3.1736,3.2258,156655.34858600,497161.4142725296,1666
1573948800,2019-11-17 00:00:00,EOS/USD,3.3751,3.4242,3.3204,3.3976,3.3990,65172.67294869,221430.67361046915,1168
1573862400,2019-11-16 00:00:00,EOS/USD,3.3297,3.3947,3.3181,3.3762,3.3410,52938.44749573,178730.7864350836,244
1573776000,2019-11-15 00:00:00,EOS/USD,3.3930,3.4900,3.2800,3.3313,3.3636,127809.41067397,425771.48977819626,929
1573689600,2019-11-14 00:00:00,EOS/USD,3.4646,3.4646,3.3321,3.3942,3.3932,60074.76723690,203905.77495548598,387
1573603200,2019-11-13 00:00:00,EOS/USD,3.4783,3.4824,3.4145,3.4691,3.4372,26186.01087185,90841.89031553484,174
1573516800,2019-11-12 00:00:00,EOS/USD,3.4281,3.5092,3.3847,3.4726,3.4715,101383.82075042,352065.4559379085,357
1573430400,2019-11-11 00:00:00,EOS/USD,3.5946,3.5946,3.4198,3.4402,3.4822,57456.75172963,197662.71730027313,285
1573344000,2019-11-10 00:00:00,EOS/USD,3.4891,3.6590,3.4506,3.5768,3.5631,115633.59493429,413598.2423609685,474
1573257600,2019-11-09 00:00:00,EOS/USD,3.4027,3.4927,3.3991,3.4927,3.4561,129002.56127269,450567.2457571244,278
1573171200,2019-11-08 00:00:00,EOS/USD,3.4683,3.5429,3.2961,3.4100,3.4251,236702.64894556,807156.0329043596,812
1573084800,2019-11-07 00:00:00,EOS/USD,3.6054,3.6286,3.4300,3.4799,3.4800,147700.57382654,513983.2268589766,497
1572998400,2019-11-06 00:00:00,EOS/USD,3.6236,3.6700,3.5536,3.6086,3.5935,210533.57981923,759731.4761356735,1449
1572912000,2019-11-05 00:00:00,EOS/USD,3.4445,3.6835,3.4150,3.6357,3.5658,340587.11390745,1238272.570033316,1598
1572825600,2019-11-04 00:00:00,EOS/USD,3.2702,3.5000,3.2477,3.4421,3.4126,208280.97205052,716923.9338950949,785
1572739200,2019-11-03 00:00:00,EOS/USD,3.3330,3.3400,3.1915,3.2830,3.2817,123693.41511317,406085.4818165371,347
1572652800,2019-11-02 00:00:00,EOS/USD,3.3624,3.3790,3.3002,3.3201,3.3401,69288.64730449,230045.23791563726,266
1572566400,2019-11-01 00:00:00,EOS/USD,3.2434,3.4007,3.2139,3.3519,3.2855,160091.64973265,536611.2007388695,565
1572480000,2019-10-31 00:00:00,EOS/USD,3.2825,3.3337,3.1809,3.2612,3.2575,213401.53882089,695945.0984026865,770
1572393600,2019-10-30 00:00:00,EOS/USD,3.4081,3.4174,3.1942,3.2758,3.2814,44473.85404805,145687.45109060218,373
1572307200,2019-10-29 00:00:00,EOS/USD,3.2827,3.4560,3.2817,3.4033,3.3875,180672.25381700,614881.8814153961,594
1572220800,2019-10-28 00:00:00,EOS/USD,3.3808,3.5452,3.2700,3.2830,3.3801,164881.93231006,541307.3837739269,607
1572134400,2019-10-27 00:00:00,EOS/USD,3.1417,3.4900,3.0835,3.3467,3.3228,170794.95365551,571599.4713988953,641
1572048000,2019-10-26 00:00:00,EOS/USD,3.1855,3.5632,2.9897,3.1068,3.2332,321396.72225604,998515.3367050651,1512
1571961600,2019-10-25 00:00:00,EOS/USD,2.7347,3.3197,2.7229,3.1780,3.0217,315563.92641998,1002862.1581626964,1189
1571875200,2019-10-24 00:00:00,EOS/USD,2.7300,2.7688,2.6629,2.7473,2.7211,44473.02397767,122180.73877385279,177
1571788800,2019-10-23 00:00:00,EOS/USD,2.8830,2.9050,2.5421,2.7107,2.7402,234949.84923297,636878.5563158118,958
1571702400,2019-10-22 00:00:00,EOS/USD,2.9182,3.0238,2.8565,2.8975,2.9407,104890.79063230,303921.06585708924,436
1571616000,2019-10-21 00:00:00,EOS/USD,2.9274,2.9767,2.8699,2.9216,2.9026,95353.25857960,278584.0802661594,339
1571529600,2019-10-20 00:00:00,EOS/USD,2.8598,2.9354,2.8303,2.9219,2.8686,36935.67820309,107922.35814160867,200
1571443200,2019-10-19 00:00:00,EOS/USD,2.8676,2.9152,2.8447,2.8578,2.8680,23193.77408713,66283.16758620011,175
1571356800,2019-10-18 00:00:00,EOS/USD,2.9480,2.9480,2.7175,2.8975,2.8740,81149.72395346,235131.32515515032,539
1571270400,2019-10-17 00:00:00,EOS/USD,2.9083,2.9600,2.8876,2.9481,2.9358,12567.57436047,37050.46597210161,108
1571184000,2019-10-16 00:00:00,EOS/USD,2.9581,2.9875,2.8564,2.9363,2.9071,63513.13196071,186493.60937623278,267
1571097600,2019-10-15 00:00:00,EOS/USD,3.1631,3.1632,2.8350,2.9438,2.9575,81736.75454353,240616.6580252436,546
1571011200,2019-10-14 00:00:00,EOS/USD,3.1200,3.1979,3.1049,3.1624,3.1452,40670.51925494,128616.45009182226,268
1570924800,2019-10-13 00:00:00,EOS/USD,3.0839,3.1250,3.0600,3.1200,3.0958,10053.23438604,31366.0912844448,105
1570838400,2019-10-12 00:00:00,EOS/USD,3.0900,3.1300,3.0524,3.0779,3.1104,9133.25644181,28111.250002246998,51
1570752000,2019-10-11 00:00:00,EOS/USD,3.0953,3.2020,3.0324,3.0661,3.0869,73667.76386764,225872.730794571,294
1570665600,2019-10-10 00:00:00,EOS/USD,3.2456,3.2461,3.0231,3.1424,3.1346,59479.26900725,186907.65492838237,255
1570579200,2019-10-09 00:00:00,EOS/USD,3.1723,3.3135,3.1205,3.2546,3.2237,127367.60312389,414530.6011270124,515
1570492800,2019-10-08 00:00:00,EOS/USD,3.1825,3.2389,3.1181,3.1660,3.1673,174952.92393495,553900.9571780517,538
1570406400,2019-10-07 00:00:00,EOS/USD,2.9023,3.2497,2.9019,3.2250,3.1204,190418.66445332,614100.192861957,700
1570320000,2019-10-06 00:00:00,EOS/USD,2.9828,2.9828,2.8529,2.9100,2.9426,42235.31045187,122904.7534149417,275
1570233600,2019-10-05 00:00:00,EOS/USD,3.0052,3.0349,2.9301,2.9850,2.9774,34102.10879822,101794.79476268668,260
1570147200,2019-10-04 00:00:00,EOS/USD,2.9302,3.0803,2.8710,3.0051,2.9900,78578.32678933,236135.7298346156,270
1570060800,2019-10-03 00:00:00,EOS/USD,3.0039,3.0041,2.8087,2.9640,2.9282,47719.17094543,141439.62268225453,326
1569974400,2019-10-02 00:00:00,EOS/USD,2.9300,3.0269,2.8910,3.0209,2.9782,22379.18113402,67605.26828776102,183
1569888000,2019-10-01 00:00:00,EOS/USD,2.9634,3.1200,2.8800,2.9500,3.0032,143558.26785449,423496.8901707455,669
1569801600,2019-09-30 00:00:00,EOS/USD,2.7769,3.0342,2.7236,2.9600,2.9070,147873.95440494,437706.90503862244,722
1569715200,2019-09-29 00:00:00,EOS/USD,2.8412,2.8416,2.6810,2.7892,2.7441,48130.68862423,134246.11671070234,346
1569628800,2019-09-28 00:00:00,EOS/USD,2.8317,2.8691,2.7835,2.8350,2.8280,53935.53744719,152907.24866278365,597
1569542400,2019-09-27 00:00:00,EOS/USD,2.7829,2.8899,2.6934,2.8394,2.7968,68884.27443783,195590.0088387745,359
1569456000,2019-09-26 00:00:00,EOS/USD,2.8612,2.8630,2.5875,2.7973,2.7258,145925.94070337,408198.63392953685,823
1569369600,2019-09-25 00:00:00,EOS/USD,2.7772,2.9643,2.7062,2.8700,2.8818,166395.35763186,477554.67640343826,1134
1569283200,2019-09-24 00:00:00,EOS/USD,3.6686,3.7116,2.5000,2.7771,2.8977,918515.46316636,2550809.2927592983,4319
1569196800,2019-09-23 00:00:00,EOS/USD,3.8161,3.8571,3.6225,3.6841,3.7590,103734.31687827,382167.5968112345,620
1569110400,2019-09-22 00:00:00,EOS/USD,3.9827,3.9827,3.7523,3.8126,3.8307,65126.92340134,248302.90815994889,328
1569024000,2019-09-21 00:00:00,EOS/USD,4.0139,4.0609,3.9604,4.0173,4.0046,62994.90066536,253069.4144429507,250
1568937600,2019-09-20 00:00:00,EOS/USD,3.9669,4.0244,3.8344,3.9999,3.8962,55583.15961065,222327.08012663893,264
1568851200,2019-09-19 00:00:00,EOS/USD,4.0750,4.0842,3.8033,3.9747,3.9125,176052.15994387,699754.5201289001,1035
1568764800,2019-09-18 00:00:00,EOS/USD,4.0598,4.1743,4.0598,4.0790,4.1086,130573.27026899,532608.3694272102,804
1568678400,2019-09-17 00:00:00,EOS/USD,4.0793,4.2238,4.0364,4.0622,4.1286,159476.67159214,647826.1353415911,765
1568592000,2019-09-16 00:00:00,EOS/USD,4.1072,4.1461,3.9454,4.0950,4.0655,124153.75092929,508409.61005544255,747
1568505600,2019-09-15 00:00:00,EOS/USD,4.0550,4.1500,4.0188,4.0707,4.0681,44853.69942206,182585.9542373797,330
1568419200,2019-09-14 00:00:00,EOS/USD,3.7310,4.1000,3.6930,4.0374,3.9937,147940.92165141,597296.6770754027,738
1568332800,2019-09-13 00:00:00,EOS/USD,3.7456,3.7456,3.6791,3.7321,3.7070,34831.42984987,129994.37934269983,201
1568246400,2019-09-12 00:00:00,EOS/USD,3.7627,3.7834,3.6775,3.7382,3.7291,43493.06370686,162585.77074898404,281
1568160000,2019-09-11 00:00:00,EOS/USD,3.7714,3.8047,3.6414,3.7289,3.6920,50080.71883337,186745.9924577534,342
1568073600,2019-09-10 00:00:00,EOS/USD,3.8851,3.9217,3.6549,3.7536,3.8039,82229.07988168,308655.07424387406,610
1567987200,2019-09-09 00:00:00,EOS/USD,3.8001,3.9436,3.6214,3.8791,3.8308,214659.39213540,832685.2480324302,1210
1567900800,2019-09-08 00:00:00,EOS/USD,3.6015,3.8100,3.5155,3.7900,3.6376,121585.62243906,460809.5090440374,689
1567814400,2019-09-07 00:00:00,EOS/USD,3.2157,3.6677,3.2026,3.5701,3.4665,194080.14240581,692885.5164029823,765
1567728000,2019-09-06 00:00:00,EOS/USD,3.2759,3.3714,3.1020,3.2167,3.2229,107970.74874866,347309.5074998146,601
1567641600,2019-09-05 00:00:00,EOS/USD,3.3027,3.3306,3.2069,3.2827,3.2552,115493.64655191,379130.99353595497,431
1567555200,2019-09-04 00:00:00,EOS/USD,3.3481,3.3597,3.2680,3.3038,3.3193,85268.33340706,281709.5199102448,413
1567468800,2019-09-03 00:00:00,EOS/USD,3.3291,3.4571,3.2983,3.3587,3.3820,106626.14251297,358125.2248583123,492
1567382400,2019-09-02 00:00:00,EOS/USD,3.2712,3.3866,3.2225,3.3264,3.3172,43543.25023263,144842.26757382043,278
1567296000,2019-09-01 00:00:00,EOS/USD,3.3340,3.3340,3.0994,3.2723,3.2343,62709.80669893,205205.30046090862,373
1567209600,2019-08-31 00:00:00,EOS/USD,3.2033,3.3999,3.1908,3.3286,3.2876,23408.43036058,77917.3012982266,198
1567123200,2019-08-30 00:00:00,EOS/USD,3.2076,3.2870,3.1609,3.2093,3.2292,46828.90081103,150287.99137283856,189
1567036800,2019-08-29 00:00:00,EOS/USD,3.2500,3.2576,3.0560,3.1969,3.1771,143230.15992279,457892.4982571673,593
1566950400,2019-08-28 00:00:00,EOS/USD,3.5352,3.5501,3.1076,3.2659,3.2305,299525.24403571,978219.4944962253,1395
1566864000,2019-08-27 00:00:00,EOS/USD,3.5751,3.5856,3.4870,3.5474,3.5291,72907.13238521,258630.76142329397,200
1566777600,2019-08-26 00:00:00,EOS/USD,3.5563,3.6945,3.5314,3.5848,3.6019,123169.68164151,441538.67474848503,404
1566691200,2019-08-25 00:00:00,EOS/USD,3.6599,3.6974,3.4670,3.5483,3.5974,193691.50297758,687275.5600153471,576
1566604800,2019-08-24 00:00:00,EOS/USD,3.6624,3.6768,3.5533,3.6758,3.6086,90840.59710215,333911.866828083,422
1566518400,2019-08-23 00:00:00,EOS/USD,3.6339,3.7578,3.6053,3.6665,3.6818,75419.59698974,276525.95236288174,423
1566432000,2019-08-22 00:00:00,EOS/USD,3.5083,3.7050,3.4561,3.6468,3.5894,140284.68801102,511590.20023858774,475
1566345600,2019-08-21 00:00:00,EOS/USD,3.6731,3.6731,3.3883,3.4792,3.5060,157311.40104351,547317.82651058,644
1566259200,2019-08-20 00:00:00,EOS/USD,3.7070,3.7079,3.5974,3.6669,3.6518,41149.98100383,150892.86534294422,245
1566172800,2019-08-19 00:00:00,EOS/USD,3.6870,3.7816,3.6486,3.7280,3.7001,55976.65327566,208680.9634116605,331
1566086400,2019-08-18 00:00:00,EOS/USD,3.5700,3.7650,3.5209,3.6913,3.6864,93327.04045088,344498.1044163333,411
1566000000,2019-08-17 00:00:00,EOS/USD,3.5897,3.6065,3.4900,3.5670,3.5494,69492.26588734,247878.91242014183,197
1565913600,2019-08-16 00:00:00,EOS/USD,3.6156,3.6470,3.4785,3.5904,3.5676,84692.70659444,304080.6937566773,438
1565827200,2019-08-15 00:00:00,EOS/USD,3.6661,3.7055,3.3300,3.6155,3.5743,247407.76135933,894502.7611946577,1355
1565740800,2019-08-14 00:00:00,EOS/USD,4.0648,4.1001,3.5588,3.6427,3.7393,247431.53286178,901318.844755606,1127
1565654400,2019-08-13 00:00:00,EOS/USD,4.1221,4.1294,3.9602,4.0660,4.0348,88756.97244886,360885.84997706476,380
1565568000,2019-08-12 00:00:00,EOS/USD,4.1983,4.1983,4.0793,4.1120,4.1146,34746.06647235,142875.8253343032,316
1565481600,2019-08-11 00:00:00,EOS/USD,4.0715,4.2350,4.0572,4.1960,4.1364,194571.23972667,816420.9218931072,582
1565395200,2019-08-10 00:00:00,EOS/USD,3.9124,4.1228,3.8463,4.0577,3.9723,177108.10140118,718651.543055568,719
1565308800,2019-08-09 00:00:00,EOS/USD,4.1582,4.1582,3.7737,3.8876,3.9303,163736.63298596,636542.534396218,732
1565222400,2019-08-08 00:00:00,EOS/USD,4.2219,4.2254,4.0788,4.1600,4.1608,47651.84051583,198231.6565458528,405
1565136000,2019-08-07 00:00:00,EOS/USD,4.2005,4.2749,4.1271,4.2206,4.2090,70481.43051218,297473.9256197069,458
1565049600,2019-08-06 00:00:00,EOS/USD,4.4500,4.4900,4.0501,4.1933,4.2677,146207.47992624,613091.8255747021,1117
1564963200,2019-08-05 00:00:00,EOS/USD,4.2342,4.5789,4.2292,4.4555,4.4078,93396.19446709,416126.7444481195,652
1564876800,2019-08-04 00:00:00,EOS/USD,4.2852,4.3052,4.1787,4.2303,4.2356,18464.84667280,78111.84087994583,183
1564790400,2019-08-03 00:00:00,EOS/USD,4.1780,4.3618,4.1780,4.2800,4.2824,106342.09309124,455144.15843050723,436
1564704000,2019-08-02 00:00:00,EOS/USD,4.3161,4.3378,4.0418,4.1869,4.2348,111473.78058295,466729.5719227533,522
1564617600,2019-08-01 00:00:00,EOS/USD,4.4211,4.4321,4.2190,4.3115,4.2841,168574.77363025,726810.1365068229,798
1564531200,2019-07-31 00:00:00,EOS/USD,4.2281,4.4351,4.2059,4.4134,4.3164,208196.27772842,918853.4521266089,813
1564444800,2019-07-30 00:00:00,EOS/USD,4.2047,4.3070,4.1260,4.1974,4.2293,42585.37579892,178747.85637838682,381
1564358400,2019-07-29 00:00:00,EOS/USD,4.2695,4.3804,4.1015,4.1988,4.1985,103061.01928898,432732.60779056925,674
1564272000,2019-07-28 00:00:00,EOS/USD,4.2675,4.3243,3.8755,4.2688,4.1641,263418.65450832,1124481.5523651163,2092
1564185600,2019-07-27 00:00:00,EOS/USD,4.6296,4.7724,2.8000,4.2685,4.2098,404806.52888352,1727916.6685393052,2813
1564099200,2019-07-26 00:00:00,EOS/USD,4.5548,4.7039,4.4266,4.5951,4.5449,167793.23804317,771026.7081321705,721
1564012800,2019-07-25 00:00:00,EOS/USD,4.5798,4.7090,4.4461,4.5709,4.5663,330240.84373876,1509497.872645498,1033
1563926400,2019-07-24 00:00:00,EOS/USD,4.1400,4.6488,4.0180,4.6191,4.3658,193886.20050765,895579.7487648862,1104
1563840000,2019-07-23 00:00:00,EOS/USD,4.1050,4.5800,3.9605,4.1340,4.1200,212957.87498800,880367.8552003921,770
1563753600,2019-07-22 00:00:00,EOS/USD,4.3500,4.4198,3.9482,4.1192,4.1270,147019.51201443,605602.77388984,658
1563667200,2019-07-21 00:00:00,EOS/USD,4.3100,4.3500,4.1675,4.3380,4.2500,138700.58736772,601683.1480011693,527
1563580800,2019-07-20 00:00:00,EOS/USD,4.0580,4.4796,4.0070,4.3187,4.2809,188098.02766611,812338.9520816292,786
1563494400,2019-07-19 00:00:00,EOS/USD,4.1114,4.1636,3.8174,4.0513,3.9671,204367.03093661,827952.1524334882,802
1563408000,2019-07-18 00:00:00,EOS/USD,3.8476,4.2379,3.7524,4.1211,3.9679,360644.53697468,1486252.201326354,1402
1563321600,2019-07-17 00:00:00,EOS/USD,3.6710,4.1183,3.5300,3.8327,3.7989,514199.30180026,1970771.6640098563,2181
1563235200,2019-07-16 00:00:00,EOS/USD,4.3230,4.3570,3.3396,3.6532,3.7978,638746.18682871,2333467.5697226436,2870
1563148800,2019-07-15 00:00:00,EOS/USD,4.2909,4.4195,4.1021,4.3000,4.2614,210625.63040197,905690.2107284709,1276
1563062400,2019-07-14 00:00:00,EOS/USD,4.7641,4.7641,4.0604,4.2438,4.3559,326736.62557091,1386604.891597828,1327
1562976000,2019-07-13 00:00:00,EOS/USD,4.7913,4.8158,4.5632,4.7500,4.6917,89246.56921524,423921.20377239,636
1562889600,2019-07-12 00:00:00,EOS/USD,4.6898,4.8652,4.6097,4.8012,4.7285,295854.78202269,1420457.9794473392,1363
1562803200,2019-07-11 00:00:00,EOS/USD,5.2310,5.2310,4.3794,4.6897,4.6839,552395.80237111,2590570.5943797943,3188
1562716800,2019-07-10 00:00:00,EOS/USD,5.8936,5.9177,5.0138,5.2654,5.3538,596429.26113443,3140438.6315772273,3163
1562630400,2019-07-09 00:00:00,EOS/USD,5.9500,6.0276,5.8434,5.8878,5.9355,135077.59580180,795309.868561838,1017
1562544000,2019-07-08 00:00:00,EOS/USD,5.9781,6.0372,5.8656,5.9774,5.9491,158775.59336527,949065.231781565,1006
1562457600,2019-07-07 00:00:00,EOS/USD,5.7449,6.0500,5.7449,5.9649,5.9004,64607.73019399,385378.64983413095,651
1562371200,2019-07-06 00:00:00,EOS/USD,5.7600,5.9999,5.7289,5.7506,5.8415,98115.67068700,564223.9758526622,618
1562284800,2019-07-05 00:00:00,EOS/USD,5.7124,5.8813,5.6677,5.7478,5.7487,100372.09587591,576918.7326755555,1000
1562198400,2019-07-04 00:00:00,EOS/USD,6.0644,6.0804,5.6574,5.7222,5.8317,126903.20571872,726165.5237636595,960
1562112000,2019-07-03 00:00:00,EOS/USD,5.8919,6.1118,5.8407,6.0644,5.9516,166731.00855673,1011123.5282914334,1053
1562025600,2019-07-02 00:00:00,EOS/USD,6.0237,6.1154,5.5555,5.8857,5.7836,310967.38861777,1830260.7591876087,2013
1561939200,2019-07-01 00:00:00,EOS/USD,5.7489,6.0413,5.5173,6.0178,5.7789,308772.61669984,1858131.8527762971,1924
1561852800,2019-06-30 00:00:00,EOS/USD,6.3195,6.3700,5.6329,5.7029,5.9337,225767.55658971,1287529.7984754571,1359
1561766400,2019-06-29 00:00:00,EOS/USD,6.1888,6.3550,5.9350,6.3093,6.1236,274315.93403577,1730741.522611884,1645
1561680000,2019-06-28 00:00:00,EOS/USD,5.8700,6.2400,5.6471,6.1992,5.9735,432279.44007688,2679786.7049245946,2426
1561593600,2019-06-27 00:00:00,EOS/USD,6.7148,7.3000,5.5324,5.8738,6.0542,1029539.23579726,6047307.563225945,6032
1561507200,2019-06-26 00:00:00,EOS/USD,7.1276,7.3881,5.5656,6.7228,6.9181,1175527.55071693,7902836.617959778,6575
1561420800,2019-06-25 00:00:00,EOS/USD,7.2300,7.2900,6.9250,7.1344,7.1213,238839.27637698,1703974.9333839263,1626
1561334400,2019-06-24 00:00:00,EOS/USD,7.1876,7.2241,6.9710,7.2215,7.1324,166670.21769754,1203608.9771027851,1129
1561248000,2019-06-23 00:00:00,EOS/USD,7.4342,7.5750,7.1301,7.2185,7.3567,206580.20308107,1491199.1959407039,1577
1561161600,2019-06-22 00:00:00,EOS/USD,7.0567,7.5889,7.0249,7.4342,7.2972,538890.14953431,4006217.149667967,2937
1561075200,2019-06-21 00:00:00,EOS/USD,6.8710,7.1329,6.8341,7.0528,7.0142,194038.23844883,1368512.8881319084,1396
1560988800,2019-06-20 00:00:00,EOS/USD,6.8805,6.9058,6.7092,6.8343,6.7772,128418.33096908,877649.3993419834,847
1560902400,2019-06-19 00:00:00,EOS/USD,6.7831,6.9612,6.7640,6.8750,6.8295,50279.68681601,345672.84686006873,447
1560816000,2019-06-18 00:00:00,EOS/USD,7.1343,7.1343,6.6370,6.7831,6.8378,175733.58256735,1192018.4639125918,1212
1560729600,2019-06-17 00:00:00,EOS/USD,6.9864,7.2741,6.9663,7.1399,7.1128,246207.76935085,1757898.8523881338,1382
1560643200,2019-06-16 00:00:00,EOS/USD,6.9296,7.2200,6.8145,6.9817,7.0155,308811.11696725,2156026.5753302495,1695
1560556800,2019-06-15 00:00:00,EOS/USD,6.5860,6.9700,6.5616,6.9346,6.7620,225798.18316228,1565820.0809571468,1233
1560470400,2019-06-14 00:00:00,EOS/USD,6.4970,6.5805,6.3649,6.5805,6.4374,175672.10759953,1156010.304058707,1342
1560384000,2019-06-13 00:00:00,EOS/USD,6.4534,6.6390,6.3933,6.4658,6.5249,257986.70018302,1668090.4060433707,1163
1560297600,2019-06-12 00:00:00,EOS/USD,6.3439,6.5132,6.2451,6.4574,6.3929,198102.45208189,1279226.7740735963,1104
1560211200,2019-06-11 00:00:00,EOS/USD,6.4749,6.5058,6.1564,6.3619,6.3046,147693.93839242,939614.0666587369,1116
1560124800,2019-06-10 00:00:00,EOS/USD,6.1316,6.5169,6.0494,6.4747,6.3113,270601.54581368,1752063.8286798338,2171
1560038400,2019-06-09 00:00:00,EOS/USD,6.3796,6.4887,6.0000,6.1532,6.1679,270290.13138384,1663149.2364310443,2449
1559952000,2019-06-08 00:00:00,EOS/USD,6.6250,6.6885,6.2303,6.3815,6.4198,165746.02296523,1057708.2455526153,1128
1559865600,2019-06-07 00:00:00,EOS/USD,6.3812,6.8000,6.3003,6.6431,6.5065,306371.56051881,2035256.9136825067,1827
1559779200,2019-06-06 00:00:00,EOS/USD,6.4031,6.4648,5.9223,6.3798,6.1905,252480.87305663,1610777.473926688,1551
1559692800,2019-06-05 00:00:00,EOS/USD,6.2781,6.5000,6.1553,6.4287,6.3413,195096.86883667,1254219.2406903005,1482
1559606400,2019-06-04 00:00:00,EOS/USD,6.6710,6.8688,6.0100,6.2816,6.4372,681470.10090405,4280722.58583888,3986
1559520000,2019-06-03 00:00:00,EOS/USD,7.7216,7.7311,6.5699,6.6877,7.1332,617887.93341367,4132249.1322906013,3199
1559433600,2019-06-02 00:00:00,EOS/USD,7.6975,7.9760,7.4638,7.7237,7.6740,253571.49579485,1958510.162070683,1036
1559347200,2019-06-01 00:00:00,EOS/USD,8.5950,8.5950,7.3000,7.7092,8.0543,349842.63894126,2697006.8721259614,1413
1559260800,2019-05-31 00:00:00,EOS/USD,7.4000,8.6272,7.2004,8.5302,7.8856,313569.23018557,2674808.2473289496,1493
1559174400,2019-05-30 00:00:00,EOS/USD,7.9800,8.5598,6.7326,7.3300,7.5954,413727.31593006,3032621.2257673396,1798
1559088000,2019-05-29 00:00:00,EOS/USD,8.0269,8.2204,7.5158,7.9789,7.9183,170909.50176999,1363669.823672573,834
1559001600,2019-05-28 00:00:00,EOS/USD,8.0096,8.2497,7.6500,8.0767,7.9924,195950.11271788,1582630.2753885016,1003
1558915200,2019-05-27 00:00:00,EOS/USD,6.9900,8.1942,6.8856,8.0453,7.4183,211833.53433677,1704264.3337996155,1148
1558828800,2019-05-26 00:00:00,EOS/USD,6.4365,6.9851,6.2555,6.9700,6.7455,107099.26059540,746481.846349938,560
1558742400,2019-05-25 00:00:00,EOS/USD,6.3942,6.5367,6.3211,6.3965,6.4357,28744.37469322,183863.39272518174,185
1558656000,2019-05-24 00:00:00,EOS/USD,6.0247,6.6666,6.0182,6.4059,6.4773,79750.07581096,510871.01063742867,369
1558569600,2019-05-23 00:00:00,EOS/USD,5.8959,6.0913,5.7500,6.0339,5.8889,55301.13864817,333681.540489193,258
1558483200,2019-05-22 00:00:00,EOS/USD,6.3095,6.3499,5.7624,6.0385,6.1454,64929.10563126,392074.4043543635,324
1558396800,2019-05-21 00:00:00,EOS/USD,6.3349,6.3920,6.1466,6.3066,6.3211,42830.02578836,270111.8406368712,268
1558310400,2019-05-20 00:00:00,EOS/USD,6.3408,6.4310,5.9901,6.2428,6.2112,68882.22020360,430017.924287034,390
1558224000,2019-05-19 00:00:00,EOS/USD,5.9089,6.5819,5.9089,6.5151,6.3116,47029.16131410,306399.6888774929,355
1558137600,2019-05-18 00:00:00,EOS/USD,6.0456,6.0456,5.8800,5.9340,5.9383,43129.90587060,255932.8614361404,230
1558051200,2019-05-17 00:00:00,EOS/USD,6.5845,6.5845,5.7081,6.0470,5.9424,152536.56155339,922388.5877133493,777
1557964800,2019-05-16 00:00:00,EOS/USD,6.5840,8.2000,6.2400,6.4728,6.7362,291585.56391090,1887375.0380824734,1309
1557878400,2019-05-15 00:00:00,EOS/USD,6.0800,6.5379,5.9863,6.4832,6.2246,105974.19094783,687051.8747529715,685
1557792000,2019-05-14 00:00:00,EOS/USD,5.5844,6.2306,5.5739,6.0320,5.9332,175403.38589309,1058033.2237071188,898
1557705600,2019-05-13 00:00:00,EOS/USD,5.3393,5.8151,5.2742,5.5657,5.5828,127856.52085572,711611.0381266808,621
1557619200,2019-05-12 00:00:00,EOS/USD,5.5157,5.7803,5.1901,5.3314,5.5806,66526.42794115,354678.9979254471,482
1557532800,2019-05-11 00:00:00,EOS/USD,4.7951,5.8357,4.7951,5.5459,5.3125,216287.98491455,1199511.5355376028,1478
1557446400,2019-05-10 00:00:00,EOS/USD,4.8036,4.9199,4.5393,4.7905,4.8164,51479.66541129,246613.33715278472,353
1557360000,2019-05-09 00:00:00,EOS/USD,4.8689,4.9699,4.7433,4.8146,4.8400,23698.74687039,114099.9866821797,214
1557273600,2019-05-08 00:00:00,EOS/USD,4.7483,4.8795,4.7200,4.8621,4.8341,45980.79354039,223563.2162727302,255
1557187200,2019-05-07 00:00:00,EOS/USD,4.8565,5.0172,4.7552,4.7839,4.8580,52834.19040134,252753.48346097043,338
1557100800,2019-05-06 00:00:00,EOS/USD,4.7879,4.9267,4.6307,4.8599,4.7307,20325.44688578,98779.6393202022,136
1557014400,2019-05-05 00:00:00,EOS/USD,4.8844,4.9477,4.7680,4.8373,4.8308,19773.44494613,95650.08523791464,93
1556928000,2019-05-04 00:00:00,EOS/USD,5.0993,5.0993,4.7337,4.9191,4.9206,26820.12167307,131930.86052199863,248
1556841600,2019-05-03 00:00:00,EOS/USD,4.6709,5.1128,4.6709,4.9746,4.9660,87548.43525005,435518.4459948987,405
1556755200,2019-05-02 00:00:00,EOS/USD,4.6764,4.7282,4.5504,4.6919,4.6480,30040.33411132,140946.24361690233,225
1556668800,2019-05-01 00:00:00,EOS/USD,4.7929,4.8196,4.6175,4.6704,4.7184,36726.26915843,171526.36747753146,239
1556582400,2019-04-30 00:00:00,EOS/USD,4.4784,4.7827,4.4684,4.7694,4.6905,39889.92091025,190250.98878934636,139
1556496000,2019-04-29 00:00:00,EOS/USD,4.6130,4.7241,4.3626,4.4325,4.5903,61373.29672707,272037.1377427378,237
1556409600,2019-04-28 00:00:00,EOS/USD,4.6451,4.6600,4.5614,4.5845,4.6119,16146.36686402,74023.01888809969,96
1556323200,2019-04-27 00:00:00,EOS/USD,4.6373,4.6651,4.6064,4.6416,4.6316,7514.02411080,34877.09431268928,81
1556236800,2019-04-26 00:00:00,EOS/USD,4.4924,4.7231,4.4395,4.6421,4.5737,54135.98161635,251304.64026125835,296
1556150400,2019-04-25 00:00:00,EOS/USD,4.7856,4.8501,4.4529,4.5337,4.6703,54922.83795480,249003.67043567676,289
1556064000,2019-04-24 00:00:00,EOS/USD,5.1662,5.1662,4.2787,4.7472,4.6686,196330.57754132,932020.5177041544,686
1555977600,2019-04-23 00:00:00,EOS/USD,5.2569,5.3784,5.1000,5.1905,5.2779,44198.40793280,229411.8363751984,357
1555891200,2019-04-22 00:00:00,EOS/USD,5.2306,5.3000,5.1438,5.2455,5.2588,58874.17147766,308824.46648606553,222
1555804800,2019-04-21 00:00:00,EOS/USD,5.4498,5.4547,5.0000,5.2100,5.1806,55364.96958526,288451.4915392046,340
1555718400,2019-04-20 00:00:00,EOS/USD,5.4711,5.5124,5.4001,5.4487,5.4729,17589.41293862,95839.4342786588,138
1555632000,2019-04-19 00:00:00,EOS/USD,5.4792,5.4940,5.3744,5.4770,5.4424,28901.79707491,158295.14257928208,137
1555545600,2019-04-18 00:00:00,EOS/USD,5.4300,5.5499,5.4300,5.4787,5.4839,34639.55437691,189779.7265647768,202
1555459200,2019-04-17 00:00:00,EOS/USD,5.5254,5.5703,5.3866,5.4300,5.4304,29515.01973795,160266.5571770685,159
1555372800,2019-04-16 00:00:00,EOS/USD,5.3228,5.5386,5.2884,5.5386,5.4228,46540.69341298,257770.28453713102,194
1555286400,2019-04-15 00:00:00,EOS/USD,5.6100,5.6196,5.1803,5.3332,5.4059,120076.58708773,640392.4542562816,448
1555200000,2019-04-14 00:00:00,EOS/USD,5.3482,5.5810,5.2591,5.5700,5.3813,26875.87931684,149698.6477947988,187
1555113600,2019-04-13 00:00:00,EOS/USD,5.3667,5.4313,5.2641,5.3300,5.3683,46336.02999796,246971.0398891268,161
1555027200,2019-04-12 00:00:00,EOS/USD,5.3009,5.4579,5.0716,5.3887,5.2816,56155.63067167,302605.8470004281,319
1554940800,2019-04-11 00:00:00,EOS/USD,5.8611,5.8611,5.1180,5.3265,5.3988,120585.76983703,642300.1030369403,676
1554854400,2019-04-10 00:00:00,EOS/USD,5.5739,6.0004,5.5665,5.8659,5.8213,151280.15950706,887394.2876524632,830
1554768000,2019-04-09 00:00:00,EOS/USD,5.5332,5.6704,5.3712,5.5878,5.5309,77685.11281361,434088.87337988993,370
1554681600,2019-04-08 00:00:00,EOS/USD,5.4223,5.6586,5.2704,5.5366,5.4790,85079.94822333,471053.64133328886,576
1554595200,2019-04-07 00:00:00,EOS/USD,5.3378,5.5192,5.2703,5.4229,5.4091,66093.81399205,358420.14389748796,381
1554508800,2019-04-06 00:00:00,EOS/USD,5.3295,5.6684,5.0899,5.3567,5.4507,77045.17634881,412707.8961476705,495
1554422400,2019-04-05 00:00:00,EOS/USD,5.0893,5.3568,5.0893,5.3498,5.2703,49237.57494481,263411.1784397446,334
1554336000,2019-04-04 00:00:00,EOS/USD,5.2151,5.3444,4.8701,5.0703,5.1301,113993.67421776,577982.1263863085,741
1554249600,2019-04-03 00:00:00,EOS/USD,5.0418,5.9549,4.8400,5.2320,5.2750,409776.38905367,2143950.0675288015,1741
1554163200,2019-04-02 00:00:00,EOS/USD,4.1974,5.1200,4.1750,5.0362,4.7053,197546.94013872,994885.8999266217,975
1554076800,2019-04-01 00:00:00,EOS/USD,4.1400,4.2622,4.1273,4.2058,4.2088,68022.65481526,286089.6816220205,293
1553990400,2019-03-31 00:00:00,EOS/USD,4.1352,4.2299,4.0715,4.1750,4.1437,40763.89633831,170189.26721244425,262
1553904000,2019-03-30 00:00:00,EOS/USD,4.2897,4.3137,4.0100,4.1490,4.2257,79774.59649064,330984.8008396654,347
1553817600,2019-03-29 00:00:00,EOS/USD,4.2353,4.3685,4.1992,4.2837,4.2894,59388.90798095,254404.2651179955,355
1553731200,2019-03-28 00:00:00,EOS/USD,4.2429,4.3000,4.1610,4.2335,4.2251,91465.07924493,387217.4129834112,490
1553644800,2019-03-27 00:00:00,EOS/USD,3.7241,4.3098,3.7039,4.2359,4.0807,173429.23253716,734628.886104156,1066
1553558400,2019-03-26 00:00:00,EOS/USD,3.6250,3.7329,3.5849,3.7052,3.6174,35766.13631182,132520.6882625555,184
1553472000,2019-03-25 00:00:00,EOS/USD,3.6160,3.6500,3.5620,3.6322,3.6025,45228.12902521,164277.61024536777,206
1553385600,2019-03-24 00:00:00,EOS/USD,3.6353,3.6375,3.5682,3.6138,3.6016,20420.50794798,73795.63162241012,131
1553299200,2019-03-23 00:00:00,EOS/USD,3.6000,3.6887,3.6000,3.6484,3.6342,6213.69336227,22670.03886290587,121
1553212800,2019-03-22 00:00:00,EOS/USD,3.6088,3.6261,3.5652,3.6130,3.6089,4673.27283471,16884.53475180723,59
1553126400,2019-03-21 00:00:00,EOS/USD,3.7035,3.7035,3.5353,3.6068,3.5977,27181.95332393,98039.86924875072,167
1553040000,2019-03-20 00:00:00,EOS/USD,3.6953,3.7139,3.4202,3.7037,3.6290,60066.16766391,222467.06517682347,285
1552953600,2019-03-19 00:00:00,EOS/USD,3.7093,3.7141,3.6570,3.7085,3.6946,31332.98586106,116198.378065741,537
1552867200,2019-03-18 00:00:00,EOS/USD,3.7100,3.7774,3.6689,3.6870,3.6882,43860.77468901,161714.67627837986,235
1552780800,2019-03-17 00:00:00,EOS/USD,3.7500,3.7500,3.7013,3.7229,3.7273,11275.19331778,41976.417202763165,87
1552694400,2019-03-16 00:00:00,EOS/USD,3.6693,3.8200,3.6693,3.7822,3.7582,26048.83483654,98521.90311876159,230
1552608000,2019-03-15 00:00:00,EOS/USD,3.5621,3.6899,3.5539,3.6621,3.5948,35997.98687047,131828.22771834818,183
1552521600,2019-03-14 00:00:00,EOS/USD,3.5641,3.6175,3.4608,3.5414,3.5588,37976.71867088,134490.75150105442,166
1552435200,2019-03-13 00:00:00,EOS/USD,3.6227,3.6351,3.4704,3.5419,3.5602,37578.03716461,133097.64983333217,160
1552348800,2019-03-12 00:00:00,EOS/USD,3.5253,3.6593,3.2700,3.6141,3.4978,100506.48648035,363240.4927886329,337
1552262400,2019-03-11 00:00:00,EOS/USD,3.6869,3.7049,3.4862,3.5482,3.5672,27448.48208306,97392.7041271135,278
1552176000,2019-03-10 00:00:00,EOS/USD,3.7331,3.7334,3.6398,3.7152,3.6877,34582.11434742,128479.47122353478,125
1552089600,2019-03-09 00:00:00,EOS/USD,3.5638,3.7779,3.5638,3.7054,3.6796,26231.06022160,97196.57054511664,199
1552003200,2019-03-08 00:00:00,EOS/USD,3.7200,3.7426,3.4481,3.5799,3.6275,101713.55082622,364124.340602785,322
1551916800,2019-03-07 00:00:00,EOS/USD,3.7254,3.8755,3.6907,3.7300,3.7689,66161.85696584,246783.72648258318,338
1551830400,2019-03-06 00:00:00,EOS/USD,3.7392,3.8695,3.5040,3.7125,3.6592,124875.44990309,463600.1077652216,523
1551744000,2019-03-05 00:00:00,EOS/USD,3.2261,3.7700,3.1978,3.7280,3.4943,137090.41029189,511073.04956816597,667
1551657600,2019-03-04 00:00:00,EOS/USD,3.5144,3.5144,3.1310,3.2158,3.2285,85344.76544099,274451.69670513563,422
1551571200,2019-03-03 00:00:00,EOS/USD,3.4848,3.5642,3.4746,3.4808,3.5003,30413.53717092,105863.44018453834,145
1551484800,2019-03-02 00:00:00,EOS/USD,3.4747,3.5048,3.4273,3.4701,3.4691,16288.11367715,56521.383271078215,149
1551398400,2019-03-01 00:00:00,EOS/USD,3.4800,3.6597,3.3839,3.4647,3.5946,59200.94206369,205113.50396806677,284
1551312000,2019-02-28 00:00:00,EOS/USD,3.5232,3.6072,3.4326,3.4836,3.5342,21091.85664618,73475.59181263264,222
1551225600,2019-02-27 00:00:00,EOS/USD,3.3994,3.5000,3.3116,3.4813,3.4177,54874.55153385,191034.776254792,336
1551139200,2019-02-26 00:00:00,EOS/USD,3.5352,3.5352,3.3049,3.4182,3.4643,55073.78836917,188253.2234034969,351
1551052800,2019-02-25 00:00:00,EOS/USD,3.5144,3.7496,3.2800,3.5338,3.5538,176175.26467268,622568.1503003165,803
1550966400,2019-02-24 00:00:00,EOS/USD,4.2800,4.4156,3.3820,3.5296,3.8521,321632.26242132,1135233.2334422912,1366
1550880000,2019-02-23 00:00:00,EOS/USD,3.8621,4.2963,3.7703,4.2288,3.9775,156787.90110403,663024.676188722,675
1550793600,2019-02-22 00:00:00,EOS/USD,3.7573,3.8649,3.7000,3.8519,3.8128,67642.54940823,260552.33606556113,401
1550707200,2019-02-21 00:00:00,EOS/USD,3.8800,3.8855,3.6527,3.7819,3.7416,77126.82959517,291685.9568459734,386
1550620800,2019-02-20 00:00:00,EOS/USD,3.5000,3.9000,3.4397,3.8702,3.7186,118350.62150560,458040.5753509731,578
1550534400,2019-02-19 00:00:00,EOS/USD,3.4736,3.7821,3.4405,3.4856,3.5750,148410.89129719,517301.0027054855,767
1550448000,2019-02-18 00:00:00,EOS/USD,2.8471,3.4708,2.8374,3.4063,3.1280,273083.00414506,930202.637019318,1022
1550361600,2019-02-17 00:00:00,EOS/USD,2.7881,2.8722,2.7406,2.8377,2.8084,38840.90460285,110218.83499150745,134
1550275200,2019-02-16 00:00:00,EOS/USD,2.7614,2.8420,2.7614,2.8001,2.8024,25299.27540104,70840.5010504521,137
1550188800,2019-02-15 00:00:00,EOS/USD,2.7260,2.8280,2.7169,2.7643,2.7482,39904.35695270,110307.61392434861,158
1550102400,2019-02-14 00:00:00,EOS/USD,2.8348,2.8594,2.7100,2.7173,2.8067,102676.45329758,279002.72654551413,546
1550016000,2019-02-13 00:00:00,EOS/USD,2.8998,2.9592,2.7769,2.8315,2.8699,73514.76065841,208157.04480428793,241
1549929600,2019-02-12 00:00:00,EOS/USD,2.7157,2.9720,2.7147,2.9326,2.8962,55743.36598233,163472.99507978093,262
1549843200,2019-02-11 00:00:00,EOS/USD,2.7542,2.7631,2.6849,2.7018,2.7263,27243.40497997,73606.23157488294,141
1549756800,2019-02-10 00:00:00,EOS/USD,2.7268,2.8223,2.6400,2.8223,2.7120,18177.47723940,51302.29401275861,102
1549670400,2019-02-09 00:00:00,EOS/USD,2.6739,2.7828,2.6519,2.7612,2.7148,30403.02869607,83948.84283558848,192
1549584000,2019-02-08 00:00:00,EOS/USD,2.3140,2.7728,2.3013,2.6755,2.6009,109860.28373467,293931.1891321096,392
1549497600,2019-02-07 00:00:00,EOS/USD,2.3105,2.3382,2.2998,2.3091,2.3137,7797.94647428,18006.23820375995,81
1549411200,2019-02-06 00:00:00,EOS/USD,2.3544,2.3549,2.2761,2.3213,2.2998,43625.77407069,101268.50935029269,167
1549324800,2019-02-05 00:00:00,EOS/USD,2.3648,2.3698,2.3284,2.3570,2.3521,18027.41662312,42490.62098069384,100
1549238400,2019-02-04 00:00:00,EOS/USD,2.3440,2.3905,2.3415,2.3623,2.3739,33852.16906160,79968.97897421767,76
1549152000,2019-02-03 00:00:00,EOS/USD,2.4200,2.4226,2.3164,2.3453,2.3631,33932.55316526,79582.01693848427,131
1549065600,2019-02-02 00:00:00,EOS/USD,2.3035,2.4226,2.2988,2.4139,2.3397,24683.78578578,59584.19050829434,89
1548979200,2019-02-01 00:00:00,EOS/USD,2.2742,2.3262,2.2700,2.3055,2.2981,19668.16599732,45344.95670682126,96
1548892800,2019-01-31 00:00:00,EOS/USD,2.3341,2.3436,2.2753,2.2929,2.3084,12288.13813568,28175.471931300668,83
1548806400,2019-01-30 00:00:00,EOS/USD,2.2328,2.3211,2.2307,2.3137,2.2896,19578.11949590,45297.89507766382,113
1548720000,2019-01-29 00:00:00,EOS/USD,2.2201,2.2783,2.1833,2.2566,2.2581,18042.22896575,40714.093884111455,109
1548633600,2019-01-28 00:00:00,EOS/USD,2.3443,2.3443,2.1500,2.2254,2.2353,62554.62737988,139209.06777118496,241
1548547200,2019-01-27 00:00:00,EOS/USD,2.3830,2.4128,2.3101,2.3573,2.3463,25975.90100253,61232.99143326397,92
1548460800,2019-01-26 00:00:00,EOS/USD,2.4273,2.4817,2.4109,2.4168,2.4466,10910.20498899,26367.78341739103,73
1548374400,2019-01-25 00:00:00,EOS/USD,2.4340,2.4386,2.4003,2.4289,2.4180,10210.18812675,24799.525941063075,72
1548288000,2019-01-24 00:00:00,EOS/USD,2.4057,2.4529,2.3903,2.4334,2.4097,35502.40791195,86391.55941293912,80
1548201600,2019-01-23 00:00:00,EOS/USD,2.4303,2.4530,2.3907,2.4130,2.4143,16082.44863064,38806.94854573432,72
1548115200,2019-01-22 00:00:00,EOS/USD,2.3440,2.4991,2.2583,2.4355,2.3720,52738.94805324,128445.70798366603,255
1548028800,2019-01-21 00:00:00,EOS/USD,2.3301,2.3774,2.3000,2.3334,2.3221,9222.55112055,21519.900784691374,68
1547942400,2019-01-20 00:00:00,EOS/USD,2.4497,2.4497,2.2813,2.3222,2.3784,32074.39998365,74483.17164203203,117
1547856000,2019-01-19 00:00:00,EOS/USD,2.4399,2.5182,2.4392,2.4716,2.4953,9819.87638689,24270.806477837326,67
1547769600,2019-01-18 00:00:00,EOS/USD,2.4689,2.4768,2.4000,2.4384,2.4385,8835.85056455,21545.338016598722,52
1547683200,2019-01-17 00:00:00,EOS/USD,2.4111,2.5041,2.3782,2.4873,2.4435,47282.47469484,117605.69930847552,194
1547596800,2019-01-16 00:00:00,EOS/USD,2.3606,2.4386,2.3558,2.4035,2.4065,48611.05412792,116836.66859645573,154
1547510400,2019-01-15 00:00:00,EOS/USD,2.4540,2.4644,2.3286,2.3635,2.3760,52242.44614362,123475.02146044587,167
1547424000,2019-01-14 00:00:00,EOS/USD,2.2329,2.4698,2.2329,2.4512,2.3571,79533.53146550,194952.5923282336,248
1547337600,2019-01-13 00:00:00,EOS/USD,2.3929,2.4031,2.2060,2.2216,2.3045,99086.49809165,220130.56416040965,279
1547251200,2019-01-12 00:00:00,EOS/USD,2.3775,2.4232,2.3699,2.4099,2.3892,40510.39959888,97626.01199334092,130
1547164800,2019-01-11 00:00:00,EOS/USD,2.3995,2.4997,2.3393,2.4190,2.3974,73371.32060955,177485.22455450147,250
1547078400,2019-01-10 00:00:00,EOS/USD,2.8834,2.9664,2.2899,2.3950,2.5310,172075.84742327,412121.6545787316,617
1546992000,2019-01-09 00:00:00,EOS/USD,2.7677,2.9495,2.7600,2.8796,2.8610,39184.39878981,112835.39475513688,160
1546905600,2019-01-08 00:00:00,EOS/USD,2.7371,2.7371,2.7371,2.7371,0.0000,0.00000000,0.0,0
1546819200,2019-01-07 00:00:00,EOS/USD,2.8621,2.8622,2.7300,2.7371,2.7802,60184.60441462,164731.2807432564,194
1546732800,2019-01-06 00:00:00,EOS/USD,2.6786,2.9000,2.6196,2.8654,2.8004,48113.49011481,137864.39457497658,239
1546646400,2019-01-05 00:00:00,EOS/USD,2.7243,2.7641,2.6620,2.6707,2.7235,34135.51139962,91165.71029496515,152
1546560000,2019-01-04 00:00:00,EOS/USD,2.6085,2.7291,2.5601,2.6904,2.6275,72001.00462058,193711.50283120843,210
1546473600,2019-01-03 00:00:00,EOS/USD,2.8500,2.8500,2.5966,2.6300,2.6807,57960.29968285,152435.5881658955,232
1546387200,2019-01-02 00:00:00,EOS/USD,2.6410,2.8812,2.6004,2.8534,2.7509,70318.92908449,200648.03224968378,250
1546300800,2019-01-01 00:00:00,EOS/USD,2.5149,2.6368,2.4770,2.6308,2.5306,66413.25953335,174720.0031803372,258
1546214400,2018-12-31 00:00:00,EOS/USD,2.6408,2.6408,2.4580,2.5199,2.5367,40291.36217745,101530.20355095624,178
1546128000,2018-12-30 00:00:00,EOS/USD,2.5841,2.6551,2.4808,2.6357,2.5732,50003.78052303,131794.96432455018,197
1546041600,2018-12-29 00:00:00,EOS/USD,2.6264,2.7590,2.5446,2.5901,2.6436,55909.24707123,144810.54083919284,216
1545955200,2018-12-28 00:00:00,EOS/USD,2.3025,2.7039,2.2567,2.6211,2.5370,47552.62927306,124640.19658761758,241
1545868800,2018-12-27 00:00:00,EOS/USD,2.5817,2.5817,2.2474,2.2636,2.3714,115888.57015134,262325.3673945732,303
1545782400,2018-12-26 00:00:00,EOS/USD,2.5570,2.6511,2.4689,2.5595,2.5611,35325.39044814,90415.33685201433,201
1545696000,2018-12-25 00:00:00,EOS/USD,2.7158,2.7158,2.4000,2.4669,2.5443,119565.81887456,294956.91858165205,382
1545609600,2018-12-24 00:00:00,EOS/USD,2.8637,3.1074,2.7475,2.7679,2.9262,155745.37199797,431087.6151531812,723
1545523200,2018-12-23 00:00:00,EOS/USD,2.6027,2.9531,2.5784,2.7970,2.7872,103811.18481479,290359.8839269676,488
1545436800,2018-12-22 00:00:00,EOS/USD,2.5623,2.6020,2.4114,2.5864,2.5036,206259.39164529,533469.2905513779,347
1545350400,2018-12-21 00:00:00,EOS/USD,2.7025,2.8126,2.4847,2.5795,2.5927,129957.38267999,335225.06862303417,515
1545264000,2018-12-20 00:00:00,EOS/USD,2.4390,2.7715,2.4076,2.7347,2.6131,226323.46311286,618926.7745747382,645
1545177600,2018-12-19 00:00:00,EOS/USD,2.6320,2.9700,2.4240,2.4786,2.6660,315943.18421162,783096.7763869214,847
1545091200,2018-12-18 00:00:00,EOS/USD,2.3699,2.6769,2.3277,2.6161,2.5116,231480.06499359,605574.9980297307,681
1545004800,2018-12-17 00:00:00,EOS/USD,1.8760,2.4551,1.8760,2.3614,2.2560,129964.19479021,306897.4495776019,483
1544918400,2018-12-16 00:00:00,EOS/USD,1.8651,2.0000,1.8638,1.8762,1.9292,116262.36621615,218131.45149474064,216
1544832000,2018-12-15 00:00:00,EOS/USD,1.7975,1.8977,1.7739,1.8730,1.8145,22612.45766017,42353.133197498406,90
1544745600,2018-12-14 00:00:00,EOS/USD,1.8154,1.8566,1.7360,1.8028,1.8123,117228.78627501,211340.05589658802,250
1544659200,2018-12-13 00:00:00,EOS/USD,1.9509,1.9578,1.8000,1.8073,1.8418,69536.02843077,125672.46418293062,177
1544572800,2018-12-12 00:00:00,EOS/USD,1.7993,2.0077,1.7920,1.9529,1.9453,61218.43452505,119553.48078397014,240
1544486400,2018-12-11 00:00:00,EOS/USD,1.8722,1.8778,1.7479,1.8005,1.7931,107887.71147300,194251.8245071365,230
1544400000,2018-12-10 00:00:00,EOS/USD,1.9845,2.0412,1.8474,1.8984,1.9145,121931.84271123,231475.41020299905,353
1544313600,2018-12-09 00:00:00,EOS/USD,1.8117,2.0977,1.7339,1.9969,1.9231,58239.92474761,116299.3057285024,324
1544227200,2018-12-08 00:00:00,EOS/USD,1.7495,1.9209,1.6315,1.7972,1.7489,125258.97525913,225115.43033570843,335
1544140800,2018-12-07 00:00:00,EOS/USD,1.8096,1.8343,1.5466,1.7179,1.6934,254680.23400221,437515.17399239657,606
1544054400,2018-12-06 00:00:00,EOS/USD,2.1534,2.2224,1.8070,1.8122,2.0597,165942.13655624,300720.33986721816,449
1543968000,2018-12-05 00:00:00,EOS/USD,2.4003,2.4003,2.1168,2.1512,2.2128,77563.70640131,166855.04521049806,345
1543881600,2018-12-04 00:00:00,EOS/USD,2.5370,2.5721,2.0500,2.4017,2.3997,337571.74312009,810746.0554515201,726
1543795200,2018-12-03 00:00:00,EOS/USD,2.8036,2.8120,2.4973,2.5353,2.5969,156033.21983406,395591.0222452923,433
1543708800,2018-12-02 00:00:00,EOS/USD,2.9346,2.9799,2.7826,2.7826,2.9178,43289.65105001,120457.78301175781,159
1543622400,2018-12-01 00:00:00,EOS/USD,2.8446,2.9974,2.7800,2.9313,2.9077,48593.47074560,142442.0407965773,269
1543536000,2018-11-30 00:00:00,EOS/USD,2.9995,3.0417,2.7643,2.8499,2.8605,50988.18559035,145311.23011393848,304
1543449600,2018-11-29 00:00:00,EOS/USD,3.2169,3.2272,2.8624,2.9762,3.0310,69145.59406599,205791.1170591994,444
1543363200,2018-11-28 00:00:00,EOS/USD,3.0034,3.3298,2.9801,3.2185,3.1663,136526.89298064,439411.80505818984,528
